EmployeeNumber,Age,Gender,Department,JobRole,JobLevel,MaritalStatus,OverTime,BusinessTravel,MonthlyIncome,YearsAtCompany,YearsSinceLastPromotion,JobSatisfaction,WorkLifeBalance,EnvironmentSatisfaction,Attrition,RiskScore,RiskPct,RiskSegment,RiskLevel
614,18,Male,Sales,Sales Representative,1,Single,Yes,Travel_Frequently,1878,0,0,2,3,2,Yes,0.9927,99.3,Flight Risk,Critical (>80%)
622,26,Male,Research & Development,Laboratory Technician,1,Single,Yes,Travel_Rarely,2340,1,0,4,1,3,Yes,0.9921,99.2,Flight Risk,Critical (>80%)
1494,24,Male,Research & Development,Laboratory Technician,1,Single,Yes,Travel_Frequently,3172,0,0,1,2,2,Yes,0.9891,98.9,Flight Risk,Critical (>80%)
478,21,Female,Sales,Sales Representative,1,Single,Yes,Travel_Frequently,2174,3,1,2,3,1,Yes,0.9888,98.9,Flight Risk,Critical (>80%)
167,19,Male,Sales,Sales Representative,1,Single,Yes,Travel_Rarely,1675,0,0,3,2,4,Yes,0.9838,98.4,Flight Risk,Critical (>80%)
1273,25,Male,Sales,Sales Representative,1,Single,Yes,Travel_Frequently,1118,1,1,4,3,3,Yes,0.9829,98.3,Flight Risk,Critical (>80%)
1487,29,Female,Sales,Sales Executive,2,Single,No,Travel_Frequently,5765,5,0,2,1,1,Yes,0.9829,98.3,Flight Risk,Critical (>80%)
911,32,Male,Research & Development,Laboratory Technician,1,Single,Yes,Travel_Rarely,2795,1,0,4,1,1,Yes,0.9819,98.2,Flight Risk,Critical (>80%)
1624,18,Female,Sales,Sales Representative,1,Single,Yes,Travel_Frequently,1569,0,0,4,4,2,Yes,0.9809,98.1,Flight Risk,Critical (>80%)
959,19,Male,Sales,Sales Representative,1,Single,Yes,Travel_Rarely,2121,1,0,2,4,4,Yes,0.9732,97.3,Flight Risk,Critical (>80%)
1968,53,Male,Sales,Sales Executive,3,Single,Yes,Travel_Rarely,10448,2,2,1,2,1,Yes,0.973,97.3,Flight Risk,Critical (>80%)
1862,32,Male,Sales,Sales Executive,2,Single,Yes,Travel_Rarely,9907,2,2,2,2,3,Yes,0.9728,97.3,Flight Risk,Critical (>80%)
960,20,Male,Research & Development,Laboratory Technician,1,Single,No,Travel_Rarely,2973,1,0,1,3,1,Yes,0.966,96.6,Flight Risk,Critical (>80%)
1108,33,Male,Research & Development,Research Scientist,1,Single,Yes,Travel_Rarely,2313,2,2,2,3,1,Yes,0.9643,96.4,Flight Risk,Critical (>80%)
590,34,Female,Human Resources,Human Resources,3,Divorced,Yes,Travel_Frequently,9950,3,0,1,3,2,Yes,0.9641,96.4,Flight Risk,Critical (>80%)
1758,33,Female,Sales,Sales Executive,3,Single,Yes,Travel_Rarely,8564,0,0,1,2,1,Yes,0.9635,96.3,Flight Risk,Critical (>80%)
235,19,Female,Sales,Sales Representative,1,Single,No,Travel_Frequently,2325,0,0,1,4,3,Yes,0.9632,96.3,Flight Risk,Critical (>80%)
19,28,Male,Research & Development,Laboratory Technician,1,Single,Yes,Travel_Rarely,2028,4,0,3,3,3,Yes,0.9631,96.3,Flight Risk,Critical (>80%)
1944,27,Female,Human Resources,Human Resources,1,Married,No,Travel_Frequently,2863,1,0,2,3,1,Yes,0.963,96.3,Flight Risk,Critical (>80%)
1504,28,Male,Research & Development,Laboratory Technician,1,Single,No,Travel_Frequently,2561,0,0,1,2,3,Yes,0.96,96.0,Flight Risk,Critical (>80%)
1279,21,Female,Research & Development,Laboratory Technician,1,Single,No,Travel_Frequently,2625,2,2,3,1,1,Yes,0.959,95.9,Flight Risk,Critical (>80%)
1780,21,Male,Sales,Sales Representative,1,Single,No,Travel_Rarely,2679,1,1,2,3,2,Yes,0.9583,95.8,Flight Risk,Critical (>80%)
55,26,Male,Research & Development,Laboratory Technician,1,Single,No,Travel_Rarely,2293,1,0,3,2,1,Yes,0.9573,95.7,Flight Risk,Critical (>80%)
1318,40,Male,Sales,Sales Executive,3,Single,Yes,Travel_Rarely,9094,5,1,2,3,4,Yes,0.9549,95.5,Flight Risk,Critical (>80%)
1439,25,Male,Sales,Sales Representative,1,Married,No,Travel_Rarely,4400,3,2,1,3,1,Yes,0.9542,95.4,Flight Risk,Critical (>80%)
485,33,Female,Sales,Sales Representative,1,Single,Yes,Travel_Rarely,2851,1,0,3,3,4,Yes,0.9537,95.4,Flight Risk,Critical (>80%)
64,48,Male,Research & Development,Laboratory Technician,3,Single,Yes,Travel_Rarely,5381,1,0,3,3,1,Yes,0.9516,95.2,Flight Risk,Critical (>80%)
952,25,Male,Sales,Sales Representative,1,Married,Yes,Travel_Rarely,2413,1,0,2,3,3,Yes,0.9507,95.1,Flight Risk,Critical (>80%)
1167,42,Male,Sales,Sales Executive,4,Single,Yes,Travel_Frequently,13758,21,13,1,2,3,Yes,0.9455,94.5,Flight Risk,Critical (>80%)
175,31,Female,Sales,Sales Executive,2,Married,Yes,Travel_Rarely,4559,2,2,3,3,2,Yes,0.9447,94.5,Flight Risk,Critical (>80%)
1319,52,Male,Sales,Sales Executive,3,Single,Yes,Travel_Rarely,8446,8,7,2,2,2,Yes,0.9432,94.3,Flight Risk,Critical (>80%)
2021,21,Male,Sales,Sales Representative,1,Single,Yes,Travel_Rarely,2380,2,1,1,3,3,No,0.9429,94.3,Flight Risk,Critical (>80%)
1053,26,Male,Research & Development,Research Scientist,1,Married,Yes,Travel_Frequently,2042,3,1,1,3,1,Yes,0.9421,94.2,Flight Risk,Critical (>80%)
1464,31,Male,Research & Development,Laboratory Technician,1,Married,Yes,Travel_Frequently,3722,2,2,4,1,2,Yes,0.939,93.9,Flight Risk,Critical (>80%)
1649,40,Male,Research & Development,Laboratory Technician,1,Single,Yes,Travel_Rarely,2166,4,0,1,1,1,Yes,0.9378,93.8,Flight Risk,Critical (>80%)
1868,29,Male,Research & Development,Research Scientist,1,Single,Yes,Travel_Frequently,2439,1,1,4,2,4,Yes,0.936,93.6,Flight Risk,Critical (>80%)
1844,29,Male,Human Resources,Human Resources,1,Divorced,Yes,Travel_Rarely,2335,2,2,1,3,1,Yes,0.9354,93.5,Flight Risk,Critical (>80%)
514,30,Male,Research & Development,Research Scientist,1,Single,Yes,Travel_Frequently,2285,1,0,4,3,3,Yes,0.9341,93.4,Flight Risk,Critical (>80%)
65,28,Male,Research & Development,Laboratory Technician,1,Single,Yes,Travel_Rarely,3441,2,2,3,2,3,Yes,0.9334,93.3,Flight Risk,Critical (>80%)
299,30,Female,Sales,Sales Executive,2,Single,No,Travel_Frequently,6696,6,0,1,2,3,Yes,0.9321,93.2,Flight Risk,Critical (>80%)
137,20,Female,Research & Development,Laboratory Technician,1,Single,Yes,Travel_Frequently,2926,1,1,4,3,4,Yes,0.9311,93.1,Flight Risk,Critical (>80%)
1752,29,Female,Sales,Sales Representative,1,Single,No,Travel_Rarely,2760,2,2,2,3,2,Yes,0.9306,93.1,Flight Risk,Critical (>80%)
816,29,Female,Research & Development,Laboratory Technician,1,Married,Yes,Travel_Rarely,2319,1,0,1,3,2,Yes,0.93,93.0,Flight Risk,Critical (>80%)
1427,31,Female,Sales,Sales Representative,1,Single,No,Travel_Frequently,1359,1,0,3,3,2,Yes,0.9292,92.9,Flight Risk,Critical (>80%)
720,24,Female,Sales,Sales Executive,2,Single,No,Travel_Rarely,4577,2,2,3,3,1,Yes,0.9267,92.7,Flight Risk,Critical (>80%)
1928,29,Male,Sales,Sales Representative,1,Single,No,Travel_Frequently,1091,1,0,1,3,3,Yes,0.9266,92.7,Flight Risk,Critical (>80%)
702,33,Male,Research & Development,Research Scientist,1,Single,Yes,Travel_Frequently,3348,10,9,1,3,1,Yes,0.9255,92.6,Flight Risk,Critical (>80%)
1331,31,Female,Sales,Sales Representative,1,Single,Yes,Travel_Frequently,2302,3,2,2,4,4,Yes,0.925,92.5,Flight Risk,Critical (>80%)
1077,20,Female,Sales,Sales Representative,1,Single,Yes,Travel_Frequently,2323,2,0,4,3,4,Yes,0.9245,92.4,Flight Risk,Critical (>80%)
1157,33,Female,Sales,Sales Executive,2,Single,Yes,Travel_Rarely,8224,5,0,1,3,1,Yes,0.9219,92.2,Flight Risk,Critical (>80%)
2023,23,Male,Sales,Sales Representative,1,Married,No,Travel_Frequently,1790,1,1,1,2,4,Yes,0.9215,92.2,Flight Risk,Critical (>80%)
1716,47,Male,Sales,Sales Executive,4,Married,No,Travel_Frequently,12936,23,14,3,1,3,Yes,0.9162,91.6,Flight Risk,Critical (>80%)
1296,28,Male,Research & Development,Laboratory Technician,1,Married,Yes,Travel_Frequently,3867,2,2,4,3,4,No,0.9155,91.5,Flight Risk,Critical (>80%)
163,31,Male,Sales,Sales Executive,2,Married,Yes,Travel_Rarely,6172,7,7,3,2,2,Yes,0.9154,91.5,Flight Risk,Critical (>80%)
147,34,Male,Research & Development,Laboratory Technician,2,Single,Yes,Travel_Frequently,6074,9,0,3,3,1,Yes,0.9141,91.4,Flight Risk,Critical (>80%)
1198,20,Male,Research & Development,Laboratory Technician,1,Single,No,Travel_Rarely,3033,2,1,3,2,1,No,0.9138,91.4,Flight Risk,Critical (>80%)
554,24,Female,Sales,Sales Representative,1,Single,Yes,Travel_Rarely,3202,5,1,2,3,1,Yes,0.9127,91.3,Flight Risk,Critical (>80%)
648,30,Male,Sales,Sales Representative,1,Married,No,Travel_Frequently,2033,1,0,1,4,2,Yes,0.9125,91.2,Flight Risk,Critical (>80%)
390,26,Male,Research & Development,Healthcare Representative,2,Married,Yes,Travel_Frequently,4741,5,3,1,3,1,No,0.9112,91.1,Flight Risk,Critical (>80%)
1645,35,Male,Sales,Sales Executive,2,Divorced,Yes,Travel_Rarely,5440,2,2,4,2,1,Yes,0.9097,91.0,Flight Risk,Critical (>80%)
1016,20,Female,Research & Development,Research Scientist,1,Single,Yes,Travel_Rarely,2600,1,0,1,3,4,Yes,0.9073,90.7,Flight Risk,Critical (>80%)
1420,49,Male,Research & Development,Laboratory Technician,2,Single,No,Travel_Frequently,4284,4,1,1,3,1,Yes,0.9055,90.6,Flight Risk,Critical (>80%)
970,37,Male,Sales,Sales Executive,3,Married,No,Travel_Rarely,10609,14,11,3,1,1,Yes,0.9037,90.4,Flight Risk,Critical (>80%)
832,40,Male,Research & Development,Laboratory Technician,2,Single,No,Travel_Frequently,5094,1,0,3,3,1,No,0.9034,90.3,Flight Risk,Critical (>80%)
1569,35,Female,Research & Development,Laboratory Technician,1,Divorced,Yes,Travel_Rarely,2074,1,0,1,3,1,Yes,0.9029,90.3,Flight Risk,Critical (>80%)
33,32,Female,Research & Development,Research Scientist,1,Single,Yes,Travel_Frequently,3919,10,6,1,3,2,Yes,0.9005,90.1,Flight Risk,Critical (>80%)
1611,45,Female,Research & Development,Laboratory Technician,2,Single,Yes,Travel_Rarely,5769,10,1,1,3,3,No,0.8994,89.9,Flight Risk,Critical (>80%)
411,18,Female,Sales,Sales Representative,1,Single,No,Travel_Rarely,1200,0,0,3,3,4,No,0.8993,89.9,Flight Risk,Critical (>80%)
1,41,Female,Sales,Sales Executive,2,Single,Yes,Travel_Rarely,5993,6,0,4,1,2,Yes,0.8977,89.8,Flight Risk,Critical (>80%)
1767,43,Male,Research & Development,Research Scientist,1,Married,Yes,Travel_Frequently,2437,1,0,3,3,3,Yes,0.8958,89.6,Flight Risk,Critical (>80%)
1604,28,Male,Research & Development,Laboratory Technician,1,Married,Yes,Travel_Rarely,2408,1,0,2,3,3,Yes,0.8894,88.9,Flight Risk,Critical (>80%)
1037,26,Male,Sales,Sales Executive,2,Single,No,Non-Travel,4969,2,2,1,3,2,Yes,0.8885,88.9,Flight Risk,Critical (>80%)
72,26,Female,Sales,Sales Executive,2,Married,Yes,Travel_Rarely,4157,2,0,4,2,3,No,0.888,88.8,Flight Risk,Critical (>80%)
1188,43,Female,Sales,Sales Executive,2,Single,No,Travel_Rarely,5346,4,1,3,2,1,Yes,0.8829,88.3,Flight Risk,Critical (>80%)
261,35,Male,Research & Development,Manufacturing Director,2,Married,Yes,Travel_Rarely,5916,1,0,3,3,2,Yes,0.8827,88.3,Flight Risk,Critical (>80%)
47,50,Male,Sales,Sales Representative,1,Married,Yes,Travel_Rarely,2683,3,0,3,3,1,Yes,0.8806,88.1,Flight Risk,Critical (>80%)
1489,34,Female,Sales,Sales Executive,2,Single,Yes,Travel_Rarely,4599,15,10,2,4,1,Yes,0.8794,87.9,Flight Risk,Critical (>80%)
1019,22,Male,Research & Development,Laboratory Technician,1,Married,No,Travel_Rarely,2451,4,1,1,2,2,No,0.8788,87.9,Flight Risk,Critical (>80%)
142,25,Male,Sales,Sales Executive,2,Single,Yes,Travel_Rarely,5744,6,0,3,3,3,Yes,0.8762,87.6,Flight Risk,Critical (>80%)
932,39,Male,Research & Development,Laboratory Technician,1,Married,Yes,Travel_Rarely,2404,2,2,1,1,4,Yes,0.8761,87.6,Flight Risk,Critical (>80%)
783,45,Male,Sales,Sales Representative,2,Single,No,Travel_Rarely,6632,8,3,3,3,2,No,0.8754,87.5,Flight Risk,Critical (>80%)
819,33,Female,Sales,Sales Executive,2,Single,No,Travel_Rarely,5324,3,0,1,3,1,Yes,0.8745,87.5,Flight Risk,Critical (>80%)
75,35,Female,Research & Development,Laboratory Technician,1,Married,Yes,Travel_Rarely,4014,2,2,1,3,3,No,0.8744,87.4,Flight Risk,Critical (>80%)
248,41,Female,Sales,Sales Representative,1,Single,Yes,Travel_Rarely,3140,4,0,2,2,2,Yes,0.8701,87.0,Flight Risk,Critical (>80%)
1111,28,Male,Research & Development,Laboratory Technician,1,Divorced,No,Travel_Frequently,2596,1,0,2,3,1,Yes,0.8694,86.9,Flight Risk,Critical (>80%)
1148,42,Male,Research & Development,Laboratory Technician,2,Single,No,Travel_Rarely,4272,1,0,4,3,2,No,0.8693,86.9,Flight Risk,Critical (>80%)
1594,36,Male,Research & Development,Laboratory Technician,2,Married,Yes,Travel_Frequently,5562,3,0,1,3,1,No,0.8687,86.9,Flight Risk,Critical (>80%)
1004,30,Female,Research & Development,Research Scientist,1,Married,Yes,Travel_Rarely,2132,5,0,3,3,1,Yes,0.8683,86.8,Flight Risk,Critical (>80%)
1001,27,Female,Research & Development,Laboratory Technician,1,Married,No,Travel_Rarely,2811,2,2,2,3,3,No,0.867,86.7,Flight Risk,Critical (>80%)
1734,32,Male,Sales,Sales Executive,2,Single,No,Travel_Rarely,6735,0,0,2,3,1,Yes,0.8665,86.7,Flight Risk,Critical (>80%)
669,21,Male,Sales,Sales Representative,1,Single,No,Travel_Rarely,3447,3,1,3,3,3,No,0.866,86.6,Flight Risk,Critical (>80%)
401,26,Male,Sales,Sales Executive,2,Single,Yes,Travel_Rarely,5828,8,7,4,3,4,Yes,0.8642,86.4,Flight Risk,Critical (>80%)
796,26,Male,Sales,Sales Executive,2,Single,No,Travel_Rarely,5326,4,1,1,2,4,Yes,0.8641,86.4,Flight Risk,Critical (>80%)
424,31,Male,Human Resources,Human Resources,2,Married,No,Travel_Rarely,6410,2,1,1,3,1,No,0.864,86.4,Flight Risk,Critical (>80%)
1684,23,Male,Research & Development,Laboratory Technician,1,Single,Yes,Travel_Rarely,3989,5,1,3,3,4,Yes,0.8631,86.3,Flight Risk,Critical (>80%)
785,47,Female,Sales,Sales Executive,2,Single,Yes,Travel_Frequently,6397,5,1,3,3,2,Yes,0.8608,86.1,Flight Risk,Critical (>80%)
1079,21,Female,Research & Development,Laboratory Technician,1,Single,No,Travel_Rarely,1416,1,1,1,2,3,Yes,0.8603,86.0,Flight Risk,Critical (>80%)
1158,41,Male,Research & Development,Laboratory Technician,1,Married,Yes,Travel_Rarely,4766,1,0,4,3,2,No,0.8578,85.8,Flight Risk,Critical (>80%)
1961,38,Male,Sales,Sales Representative,1,Single,No,Travel_Rarely,2858,1,0,1,2,1,No,0.8575,85.7,Flight Risk,Critical (>80%)
1269,19,Female,Research & Development,Research Scientist,1,Single,Yes,Travel_Rarely,2994,1,0,4,3,2,No,0.856,85.6,Flight Risk,Critical (>80%)
2055,50,Male,Sales,Sales Executive,3,Divorced,Yes,Travel_Rarely,10854,3,2,1,3,4,Yes,0.8554,85.5,Flight Risk,Critical (>80%)
1878,22,Male,Research & Development,Research Scientist,1,Single,Yes,Travel_Rarely,2472,1,0,2,3,4,Yes,0.8546,85.5,Flight Risk,Critical (>80%)
1680,20,Male,Sales,Sales Representative,1,Single,No,Travel_Rarely,2728,2,0,1,3,4,No,0.8546,85.5,Flight Risk,Critical (>80%)
2010,32,Female,Research & Development,Laboratory Technician,1,Single,No,Travel_Rarely,2837,6,4,2,3,3,No,0.8532,85.3,Flight Risk,Critical (>80%)
355,31,Male,Research & Development,Laboratory Technician,1,Single,No,Travel_Frequently,3479,5,1,2,4,3,Yes,0.8515,85.1,Flight Risk,Critical (>80%)
1642,44,Male,Human Resources,Human Resources,2,Married,Yes,Travel_Frequently,5743,10,0,4,3,1,No,0.8509,85.1,Flight Risk,Critical (>80%)
1286,28,Male,Research & Development,Laboratory Technician,1,Single,Yes,Travel_Frequently,2154,4,0,3,2,4,No,0.8483,84.8,Flight Risk,Critical (>80%)
593,22,Male,Research & Development,Laboratory Technician,1,Single,No,Travel_Frequently,3894,2,1,3,3,3,Yes,0.8458,84.6,Flight Risk,Critical (>80%)
846,28,Female,Sales,Sales Executive,2,Married,Yes,Travel_Rarely,4779,8,7,2,3,2,No,0.8444,84.4,Flight Risk,Critical (>80%)
1650,29,Male,Sales,Sales Executive,2,Single,No,Travel_Rarely,5869,5,1,3,3,3,No,0.8413,84.1,Flight Risk,Critical (>80%)
502,34,Male,Sales,Sales Executive,2,Single,Yes,Non-Travel,5304,5,0,4,2,1,Yes,0.8413,84.1,Flight Risk,Critical (>80%)
405,18,Male,Research & Development,Laboratory Technician,1,Single,No,Travel_Rarely,1420,0,0,3,3,3,Yes,0.8393,83.9,Flight Risk,Critical (>80%)
566,19,Male,Human Resources,Human Resources,1,Single,No,Travel_Rarely,2564,1,0,4,4,1,Yes,0.8391,83.9,Flight Risk,Critical (>80%)
494,21,Female,Sales,Sales Representative,1,Single,No,Travel_Rarely,2716,1,0,2,3,3,Yes,0.8366,83.7,Flight Risk,Critical (>80%)
608,26,Female,Human Resources,Human Resources,1,Divorced,Yes,Travel_Frequently,2741,7,1,3,2,2,Yes,0.8346,83.5,Flight Risk,Critical (>80%)
1533,23,Male,Research & Development,Laboratory Technician,2,Single,No,Travel_Rarely,2272,4,1,3,3,1,No,0.8337,83.4,Flight Risk,Critical (>80%)
475,30,Female,Sales,Sales Executive,2,Married,Yes,Non-Travel,4736,2,2,3,4,4,No,0.8322,83.2,Flight Risk,Critical (>80%)
508,30,Male,Sales,Sales Representative,1,Married,No,Travel_Rarely,2476,1,0,2,3,3,No,0.832,83.2,Flight Risk,Critical (>80%)
331,32,Male,Research & Development,Laboratory Technician,1,Single,Yes,Travel_Rarely,3730,3,1,3,1,4,Yes,0.8297,83.0,Flight Risk,Critical (>80%)
1379,31,Female,Sales,Sales Representative,1,Single,No,Travel_Frequently,2785,1,0,4,4,3,Yes,0.8291,82.9,Flight Risk,Critical (>80%)
1975,39,Male,Sales,Sales Executive,4,Single,No,Travel_Rarely,13341,20,11,1,3,2,No,0.8276,82.8,Flight Risk,Critical (>80%)
1646,24,Female,Research & Development,Research Scientist,1,Single,Yes,Travel_Frequently,3760,6,1,4,3,1,No,0.8269,82.7,Flight Risk,Critical (>80%)
918,58,Male,Research & Development,Laboratory Technician,1,Divorced,Yes,Travel_Frequently,2380,1,0,4,2,4,Yes,0.822,82.2,Flight Risk,Critical (>80%)
1380,35,Female,Sales,Sales Executive,2,Married,Yes,Travel_Frequently,4614,4,3,3,2,4,Yes,0.8216,82.2,Flight Risk,Critical (>80%)
741,28,Female,Research & Development,Research Scientist,1,Single,Yes,Travel_Rarely,2216,7,3,2,3,1,Yes,0.8215,82.2,Flight Risk,Critical (>80%)
1173,24,Male,Research & Development,Laboratory Technician,1,Single,No,Travel_Rarely,3597,4,1,2,3,4,No,0.8215,82.2,Flight Risk,Critical (>80%)
1939,32,Female,Research & Development,Research Scientist,1,Single,Yes,Travel_Frequently,2432,4,0,3,3,1,Yes,0.8199,82.0,Flight Risk,Critical (>80%)
1372,55,Male,Sales,Sales Executive,4,Single,Yes,Travel_Rarely,13695,19,3,3,2,1,Yes,0.8193,81.9,Flight Risk,Critical (>80%)
269,35,Female,Research & Development,Laboratory Technician,2,Single,No,Travel_Frequently,4425,6,1,2,3,2,No,0.8176,81.8,Flight Risk,Critical (>80%)
1783,22,Female,Research & Development,Laboratory Technician,1,Married,Yes,Travel_Rarely,2398,1,0,1,3,3,Yes,0.8176,81.8,Flight Risk,Critical (>80%)
1377,34,Male,Research & Development,Laboratory Technician,2,Married,No,Travel_Rarely,5429,8,7,3,3,2,No,0.8171,81.7,Flight Risk,Critical (>80%)
994,29,Female,Research & Development,Research Scientist,1,Single,Yes,Travel_Rarely,2404,0,0,1,3,4,Yes,0.8161,81.6,Flight Risk,Critical (>80%)
1549,33,Male,Research & Development,Laboratory Technician,2,Married,Yes,Travel_Rarely,5207,15,5,3,3,2,No,0.8148,81.5,Flight Risk,Critical (>80%)
436,32,Female,Sales,Sales Executive,2,Married,Yes,Travel_Rarely,5228,13,11,2,3,3,No,0.8138,81.4,Flight Risk,Critical (>80%)
792,26,Female,Research & Development,Laboratory Technician,1,Divorced,No,Travel_Frequently,4364,2,2,4,3,1,No,0.8085,80.9,Flight Risk,Critical (>80%)
1893,26,Female,Research & Development,Research Scientist,1,Married,Yes,Travel_Rarely,2933,1,1,3,2,2,No,0.8075,80.8,Flight Risk,Critical (>80%)
1100,35,Male,Sales,Sales Executive,3,Single,Yes,Travel_Rarely,9582,8,4,1,3,4,Yes,0.8074,80.7,Flight Risk,Critical (>80%)
440,28,Male,Research & Development,Research Scientist,1,Married,Yes,Travel_Rarely,3464,3,2,4,2,1,Yes,0.8073,80.7,Flight Risk,Critical (>80%)
394,26,Male,Research & Development,Laboratory Technician,1,Divorced,Yes,Travel_Rarely,2373,3,0,2,3,1,Yes,0.8063,80.6,Flight Risk,Critical (>80%)
467,47,Male,Sales,Sales Representative,2,Single,No,Travel_Frequently,2976,0,0,3,3,2,No,0.805,80.5,Flight Risk,Critical (>80%)
1281,34,Female,Sales,Sales Executive,2,Single,Yes,Travel_Rarely,4538,3,0,1,3,3,No,0.805,80.5,Flight Risk,Critical (>80%)
282,38,Male,Research & Development,Healthcare Representative,2,Married,Yes,Travel_Rarely,6673,1,0,1,3,2,Yes,0.8049,80.5,Flight Risk,Critical (>80%)
1933,28,Female,Sales,Sales Executive,2,Single,Yes,Travel_Rarely,9854,2,2,3,3,4,Yes,0.8047,80.5,Flight Risk,Critical (>80%)
7,27,Male,Research & Development,Laboratory Technician,1,Married,No,Travel_Rarely,3468,2,2,2,3,1,No,0.8045,80.4,Flight Risk,Critical (>80%)
492,40,Male,Sales,Sales Executive,2,Married,Yes,Travel_Rarely,6380,6,1,3,3,3,Yes,0.8044,80.4,Flight Risk,Critical (>80%)
1299,29,Female,Research & Development,Laboratory Technician,1,Divorced,Yes,Travel_Rarely,3339,7,7,3,3,2,Yes,0.8031,80.3,Flight Risk,Critical (>80%)
454,29,Male,Research & Development,Laboratory Technician,1,Married,Yes,Travel_Rarely,2119,7,0,1,2,2,Yes,0.8029,80.3,Flight Risk,Critical (>80%)
1522,29,Male,Research & Development,Research Scientist,1,Single,No,Travel_Rarely,2362,9,0,1,1,1,Yes,0.8013,80.1,Flight Risk,Critical (>80%)
1967,31,Male,Sales,Sales Executive,2,Married,Yes,Travel_Frequently,5617,10,0,4,3,1,Yes,0.801,80.1,Flight Risk,Critical (>80%)
732,60,Male,Sales,Sales Executive,2,Single,No,Travel_Rarely,5405,2,2,1,3,1,No,0.7985,79.8,Flight Risk,High (60–80%)
1036,38,Male,Sales,Sales Executive,2,Single,Yes,Travel_Rarely,6861,1,0,4,3,2,No,0.7949,79.5,Flight Risk,High (60–80%)
1107,26,Male,Research & Development,Laboratory Technician,1,Divorced,No,Travel_Rarely,2377,1,0,3,2,1,Yes,0.7905,79.1,Flight Risk,High (60–80%)
527,25,Female,Sales,Sales Executive,2,Single,Yes,Travel_Rarely,4487,5,1,4,3,2,No,0.7901,79.0,Flight Risk,High (60–80%)
1916,31,Female,Research & Development,Laboratory Technician,1,Divorced,No,Travel_Rarely,3978,2,2,3,2,1,No,0.7894,78.9,Flight Risk,High (60–80%)
896,29,Female,Sales,Sales Representative,1,Divorced,Yes,Travel_Rarely,2800,3,0,3,3,2,Yes,0.7854,78.5,Flight Risk,High (60–80%)
2003,35,Male,Research & Development,Laboratory Technician,1,Married,Yes,Travel_Rarely,2660,2,2,3,3,4,No,0.7818,78.2,Flight Risk,High (60–80%)
1156,18,Male,Research & Development,Laboratory Technician,1,Single,No,Non-Travel,1904,0,0,3,3,3,Yes,0.7802,78.0,Flight Risk,High (60–80%)
2053,29,Male,Research & Development,Laboratory Technician,2,Married,Yes,Travel_Rarely,4025,4,0,2,3,4,No,0.7796,78.0,Flight Risk,High (60–80%)
27,36,Male,Sales,Sales Representative,1,Single,No,Travel_Rarely,3407,5,0,1,3,3,Yes,0.7791,77.9,Flight Risk,High (60–80%)
1248,19,Female,Research & Development,Research Scientist,1,Single,Yes,Non-Travel,1859,1,0,2,4,1,Yes,0.7791,77.9,Flight Risk,High (60–80%)
364,28,Male,Research & Development,Laboratory Technician,1,Single,No,Travel_Rarely,3485,0,0,3,1,1,Yes,0.7779,77.8,Flight Risk,High (60–80%)
1639,35,Male,Sales,Sales Executive,3,Married,No,Travel_Rarely,10306,13,6,1,3,4,Yes,0.7775,77.7,Flight Risk,High (60–80%)
243,19,Male,Research & Development,Laboratory Technician,1,Single,No,Travel_Rarely,1102,1,1,4,2,2,Yes,0.7767,77.7,Flight Risk,High (60–80%)
1307,39,Female,Research & Development,Manager,4,Divorced,Yes,Travel_Rarely,17123,19,15,2,3,3,No,0.7759,77.6,Flight Risk,High (60–80%)
1017,30,Female,Research & Development,Laboratory Technician,1,Single,No,Travel_Frequently,2422,3,1,2,3,2,Yes,0.7752,77.5,Flight Risk,High (60–80%)
325,33,Male,Research & Development,Laboratory Technician,1,Married,Yes,Travel_Rarely,2436,5,0,4,1,3,Yes,0.7739,77.4,Flight Risk,High (60–80%)
1350,35,Male,Research & Development,Research Scientist,2,Single,Yes,Travel_Frequently,4249,9,1,3,3,3,No,0.7738,77.4,Flight Risk,High (60–80%)
1801,46,Male,Sales,Sales Executive,2,Single,No,Non-Travel,7991,2,2,2,3,2,No,0.7727,77.3,Flight Risk,High (60–80%)
1714,24,Male,Human Resources,Human Resources,1,Married,No,Travel_Rarely,1555,1,0,3,3,4,Yes,0.7678,76.8,Flight Risk,High (60–80%)
1458,39,Female,Research & Development,Laboratory Technician,1,Single,Yes,Non-Travel,3646,1,0,1,4,1,Yes,0.7655,76.5,Flight Risk,High (60–80%)
113,23,Male,Sales,Sales Representative,1,Divorced,No,Travel_Rarely,2322,0,0,1,3,3,No,0.7639,76.4,Flight Risk,High (60–80%)
723,50,Male,Sales,Sales Executive,2,Married,Yes,Travel_Frequently,6796,4,1,3,3,2,Yes,0.7634,76.3,Flight Risk,High (60–80%)
1551,24,Male,Research & Development,Laboratory Technician,1,Divorced,No,Travel_Rarely,2296,1,0,1,3,3,No,0.7619,76.2,Flight Risk,High (60–80%)
1396,32,Male,Sales,Sales Executive,2,Married,Yes,Travel_Rarely,4078,3,1,2,2,3,No,0.7618,76.2,Flight Risk,High (60–80%)
1496,44,Male,Research & Development,Manufacturing Director,3,Single,Yes,Travel_Frequently,10209,2,2,3,2,2,No,0.7574,75.7,Flight Risk,High (60–80%)
274,27,Male,Research & Development,Manufacturing Director,2,Married,No,Travel_Frequently,4298,2,2,1,3,3,No,0.7562,75.6,Flight Risk,High (60–80%)
1733,36,Male,Sales,Sales Executive,2,Divorced,Yes,Travel_Rarely,6134,2,2,1,3,2,Yes,0.7558,75.6,Flight Risk,High (60–80%)
1835,38,Female,Sales,Sales Representative,2,Married,Yes,Travel_Rarely,5405,4,0,4,2,2,No,0.7551,75.5,Flight Risk,High (60–80%)
190,32,Female,Research & Development,Laboratory Technician,1,Single,No,Travel_Rarely,4200,5,0,1,4,1,Yes,0.7549,75.5,Flight Risk,High (60–80%)
1203,22,Male,Research & Development,Research Scientist,1,Married,Yes,Travel_Frequently,2853,0,0,4,3,3,Yes,0.7514,75.1,Flight Risk,High (60–80%)
51,36,Female,Research & Development,Research Scientist,1,Married,Yes,Travel_Rarely,3419,1,0,1,4,2,No,0.7513,75.1,Flight Risk,High (60–80%)
803,38,Female,Research & Development,Manufacturing Director,2,Single,Yes,Travel_Frequently,5980,15,4,1,3,1,No,0.7494,74.9,Flight Risk,High (60–80%)
854,25,Male,Research & Development,Research Scientist,1,Single,No,Travel_Rarely,3424,4,0,1,2,1,No,0.749,74.9,Flight Risk,High (60–80%)
811,23,Male,Research & Development,Laboratory Technician,1,Married,Yes,Travel_Rarely,1601,0,0,1,3,3,Yes,0.7486,74.9,Flight Risk,High (60–80%)
991,31,Male,Research & Development,Research Scientist,1,Single,Yes,Non-Travel,2321,3,1,1,3,3,Yes,0.747,74.7,Flight Risk,High (60–80%)
1239,40,Female,Sales,Sales Executive,2,Divorced,No,Travel_Rarely,6852,5,1,2,4,2,No,0.747,74.7,Flight Risk,High (60–80%)
1669,29,Male,Sales,Sales Executive,2,Divorced,Yes,Travel_Rarely,4187,10,0,2,2,1,No,0.746,74.6,Flight Risk,High (60–80%)
205,53,Male,Sales,Sales Representative,2,Married,Yes,Travel_Rarely,2306,7,4,3,1,2,No,0.7458,74.6,Flight Risk,High (60–80%)
746,47,Female,Sales,Sales Executive,4,Divorced,Yes,Travel_Frequently,13770,22,11,3,2,4,No,0.7455,74.6,Flight Risk,High (60–80%)
913,44,Male,Research & Development,Research Scientist,1,Married,Yes,Travel_Rarely,2559,8,7,1,3,2,No,0.7451,74.5,Flight Risk,High (60–80%)
1735,23,Female,Research & Development,Laboratory Technician,1,Single,No,Travel_Rarely,3295,3,1,2,1,3,No,0.743,74.3,Flight Risk,High (60–80%)
90,36,Male,Research & Development,Research Scientist,1,Married,Yes,Travel_Rarely,3388,1,0,3,2,4,Yes,0.7418,74.2,Flight Risk,High (60–80%)
2013,32,Male,Sales,Sales Representative,1,Married,No,Travel_Rarely,2269,2,2,2,3,2,No,0.7409,74.1,Flight Risk,High (60–80%)
1556,36,Male,Sales,Sales Representative,1,Single,Yes,Travel_Rarely,2644,3,1,4,2,3,No,0.7375,73.8,Flight Risk,High (60–80%)
941,31,Male,Sales,Sales Representative,1,Married,No,Travel_Rarely,2329,7,5,3,4,2,No,0.7371,73.7,Flight Risk,High (60–80%)
587,31,Male,Research & Development,Healthcare Representative,3,Married,No,Travel_Frequently,9824,1,0,3,3,1,Yes,0.7357,73.6,Flight Risk,High (60–80%)
1876,30,Male,Sales,Sales Representative,1,Single,No,Travel_Rarely,1081,1,0,4,2,2,Yes,0.7356,73.6,Flight Risk,High (60–80%)
1568,30,Male,Sales,Sales Executive,3,Married,No,Travel_Rarely,9250,4,1,2,3,3,No,0.7332,73.3,Flight Risk,High (60–80%)
925,47,Female,Sales,Sales Representative,1,Single,Yes,Travel_Rarely,3294,3,1,4,2,4,No,0.7325,73.3,Flight Risk,High (60–80%)
1421,29,Female,Research & Development,Healthcare Representative,3,Single,Yes,Travel_Frequently,7553,8,7,4,3,3,Yes,0.7303,73.0,Flight Risk,High (60–80%)
1614,36,Female,Research & Development,Manufacturing Director,2,Married,Yes,Travel_Rarely,4663,3,1,3,3,3,No,0.7295,72.9,Flight Risk,High (60–80%)
1853,32,Male,Sales,Sales Executive,2,Single,No,Travel_Frequently,4648,0,0,4,4,4,No,0.7288,72.9,Flight Risk,High (60–80%)
954,40,Male,Sales,Sales Executive,3,Divorced,No,Travel_Rarely,9705,1,0,2,2,1,No,0.7265,72.7,Flight Risk,High (60–80%)
1797,35,Male,Sales,Sales Executive,2,Single,Yes,Travel_Rarely,5813,10,7,4,3,3,Yes,0.7247,72.5,Flight Risk,High (60–80%)
1175,28,Female,Research & Development,Laboratory Technician,1,Married,Yes,Travel_Rarely,2515,1,0,4,2,3,Yes,0.7245,72.5,Flight Risk,High (60–80%)
647,24,Female,Research & Development,Laboratory Technician,1,Married,Yes,Travel_Frequently,2886,6,1,3,3,1,Yes,0.7244,72.4,Flight Risk,High (60–80%)
144,22,Female,Research & Development,Laboratory Technician,1,Single,No,Travel_Rarely,2871,0,0,4,3,2,No,0.7231,72.3,Flight Risk,High (60–80%)
964,40,Male,Research & Development,Research Scientist,1,Divorced,Yes,Travel_Frequently,3617,1,0,2,3,4,No,0.7223,72.2,Flight Risk,High (60–80%)
773,38,Male,Research & Development,Research Scientist,1,Married,Yes,Travel_Rarely,3057,1,0,3,1,4,No,0.7216,72.2,Flight Risk,High (60–80%)
281,40,Male,Research & Development,Laboratory Technician,2,Married,Yes,Travel_Rarely,2741,7,3,4,4,3,No,0.7188,71.9,Flight Risk,High (60–80%)
1702,23,Male,Sales,Sales Representative,1,Divorced,Yes,Travel_Rarely,2275,3,0,4,3,3,Yes,0.7187,71.9,Flight Risk,High (60–80%)
362,32,Male,Research & Development,Laboratory Technician,2,Single,No,Travel_Rarely,2176,6,0,1,3,4,No,0.7186,71.9,Flight Risk,High (60–80%)
392,44,Male,Research & Development,Laboratory Technician,1,Divorced,Yes,Travel_Frequently,3161,1,0,3,1,4,Yes,0.7175,71.7,Flight Risk,High (60–80%)
927,41,Female,Research & Development,Laboratory Technician,1,Divorced,Yes,Travel_Rarely,2778,7,1,4,2,2,Yes,0.7172,71.7,Flight Risk,High (60–80%)
1419,29,Male,Human Resources,Human Resources,3,Single,No,Travel_Rarely,7988,10,0,1,2,2,No,0.7145,71.4,Flight Risk,High (60–80%)
1083,26,Male,Research & Development,Laboratory Technician,1,Married,No,Travel_Rarely,3955,5,1,1,3,1,No,0.7145,71.4,Flight Risk,High (60–80%)
1066,40,Male,Sales,Sales Executive,2,Married,No,Travel_Rarely,8396,7,7,1,2,3,No,0.714,71.4,Flight Risk,High (60–80%)
1740,40,Male,Sales,Manager,5,Single,No,Travel_Rarely,19833,21,12,2,2,2,No,0.7136,71.4,Flight Risk,High (60–80%)
238,36,Male,Research & Development,Laboratory Technician,1,Single,No,Travel_Frequently,2088,8,7,2,2,4,No,0.7132,71.3,Flight Risk,High (60–80%)
4,37,Male,Research & Development,Laboratory Technician,1,Single,Yes,Travel_Rarely,2090,0,0,3,3,4,Yes,0.713,71.3,Flight Risk,High (60–80%)
2040,35,Female,Human Resources,Human Resources,3,Single,Yes,Travel_Rarely,8837,9,1,4,3,3,No,0.713,71.3,Flight Risk,High (60–80%)
382,38,Female,Sales,Sales Executive,2,Divorced,Yes,Travel_Rarely,5605,8,7,1,3,1,No,0.7124,71.2,Flight Risk,High (60–80%)
161,56,Female,Research & Development,Research Scientist,1,Married,Yes,Travel_Rarely,4963,5,4,2,3,2,Yes,0.7117,71.2,Flight Risk,High (60–80%)
577,35,Male,Research & Development,Laboratory Technician,1,Single,No,Travel_Rarely,4230,5,4,3,3,4,No,0.7108,71.1,Flight Risk,High (60–80%)
1282,51,Male,Sales,Manager,5,Divorced,Yes,Travel_Frequently,19847,29,11,2,2,4,No,0.7099,71.0,Flight Risk,High (60–80%)
652,35,Male,Research & Development,Laboratory Technician,2,Single,No,Travel_Rarely,3681,3,0,4,3,1,No,0.7098,71.0,Flight Risk,High (60–80%)
183,25,Male,Sales,Sales Executive,2,Married,No,Travel_Rarely,8639,2,2,3,3,1,No,0.7092,70.9,Flight Risk,High (60–80%)
1704,35,Male,Research & Development,Research Scientist,1,Single,Yes,Travel_Frequently,4930,5,1,4,4,1,No,0.7083,70.8,Flight Risk,High (60–80%)
1577,34,Male,Research & Development,Research Scientist,1,Single,No,Travel_Rarely,2972,1,0,4,1,1,No,0.7069,70.7,Flight Risk,High (60–80%)
363,46,Female,Sales,Manager,4,Married,Yes,Travel_Rarely,16872,7,7,2,2,3,No,0.7063,70.6,Flight Risk,High (60–80%)
1539,50,Male,Research & Development,Research Director,4,Single,Yes,Travel_Frequently,14411,32,13,4,3,3,No,0.7059,70.6,Flight Risk,High (60–80%)
922,20,Female,Sales,Sales Representative,1,Single,No,Travel_Rarely,2044,2,0,3,2,3,Yes,0.7044,70.4,Flight Risk,High (60–80%)
1125,38,Male,Sales,Sales Executive,3,Single,No,Travel_Rarely,7351,1,0,2,3,4,No,0.7042,70.4,Flight Risk,High (60–80%)
1219,24,Female,Research & Development,Laboratory Technician,1,Married,No,Travel_Rarely,2210,1,0,2,1,4,Yes,0.7039,70.4,Flight Risk,High (60–80%)
1052,36,Male,Research & Development,Laboratory Technician,2,Divorced,No,Travel_Rarely,4834,1,0,3,2,1,Yes,0.7036,70.4,Flight Risk,High (60–80%)
585,30,Male,Sales,Sales Representative,1,Single,No,Travel_Rarely,2983,3,1,2,3,4,No,0.7036,70.4,Flight Risk,High (60–80%)
1226,20,Male,Sales,Sales Representative,1,Single,No,Travel_Rarely,2678,2,2,4,3,3,No,0.7031,70.3,Flight Risk,High (60–80%)
1960,28,Male,Research & Development,Laboratory Technician,1,Divorced,No,Travel_Rarely,2367,4,0,4,2,3,Yes,0.7028,70.3,Flight Risk,High (60–80%)
2027,29,Male,Research & Development,Research Scientist,1,Married,Yes,Travel_Rarely,4787,2,2,4,4,1,Yes,0.7015,70.1,Flight Risk,High (60–80%)
1387,28,Male,Sales,Sales Executive,2,Married,No,Travel_Rarely,4724,5,0,1,3,3,No,0.7007,70.1,Flight Risk,High (60–80%)
618,26,Male,Sales,Sales Executive,2,Divorced,No,Travel_Rarely,4306,0,0,3,3,1,No,0.7005,70.0,Flight Risk,High (60–80%)
1535,34,Male,Sales,Sales Executive,3,Married,Yes,Travel_Rarely,7083,10,8,3,3,4,No,0.7,70.0,Flight Risk,High (60–80%)
1014,35,Female,Research & Development,Healthcare Representative,3,Divorced,Yes,Travel_Rarely,10388,16,10,3,2,3,No,0.6998,70.0,Flight Risk,High (60–80%)
525,43,Male,Research & Development,Laboratory Technician,1,Married,No,Travel_Frequently,2258,3,1,4,3,4,No,0.6968,69.7,Flight Risk,High (60–80%)
1010,35,Male,Research & Development,Laboratory Technician,1,Divorced,Yes,Travel_Rarely,3743,4,0,2,1,3,Yes,0.6957,69.6,Flight Risk,High (60–80%)
488,41,Male,Sales,Sales Executive,2,Single,No,Travel_Frequently,9355,8,7,2,3,1,Yes,0.6955,69.5,Flight Risk,High (60–80%)
1402,43,Female,Research & Development,Research Scientist,2,Single,Yes,Travel_Rarely,4081,20,1,3,1,1,No,0.6954,69.5,Flight Risk,High (60–80%)
1905,34,Male,Research & Development,Research Scientist,1,Married,Yes,Non-Travel,2307,5,3,1,3,4,Yes,0.6953,69.5,Flight Risk,High (60–80%)
584,33,Male,Research & Development,Laboratory Technician,1,Divorced,No,Travel_Rarely,3408,4,1,4,3,1,Yes,0.6941,69.4,Flight Risk,High (60–80%)
1055,34,Female,Sales,Sales Representative,1,Married,Yes,Travel_Rarely,2220,1,0,3,3,3,No,0.6916,69.2,Flight Risk,High (60–80%)
446,33,Male,Sales,Sales Executive,2,Single,No,Travel_Frequently,4682,7,0,4,2,2,No,0.6913,69.1,Flight Risk,High (60–80%)
315,29,Male,Research & Development,Research Scientist,1,Single,Yes,Travel_Rarely,2389,4,0,4,2,3,Yes,0.6889,68.9,Flight Risk,High (60–80%)
513,36,Male,Sales,Sales Executive,3,Married,No,Travel_Rarely,7596,10,9,3,3,2,No,0.6885,68.8,Flight Risk,High (60–80%)
120,51,Male,Sales,Sales Executive,2,Single,Yes,Travel_Rarely,5441,10,1,4,1,3,No,0.6875,68.8,Flight Risk,High (60–80%)
1998,42,Male,Research & Development,Research Scientist,2,Divorced,Yes,Travel_Rarely,5410,4,1,1,2,4,No,0.6865,68.7,Flight Risk,High (60–80%)
749,29,Male,Sales,Sales Representative,1,Single,No,Travel_Rarely,2642,1,0,3,3,3,No,0.6819,68.2,Flight Risk,High (60–80%)
1747,30,Female,Human Resources,Human Resources,1,Divorced,No,Travel_Frequently,2180,4,1,4,2,3,Yes,0.6819,68.2,Flight Risk,High (60–80%)
881,35,Female,Research & Development,Research Scientist,1,Divorced,Yes,Travel_Frequently,2022,10,7,2,2,4,Yes,0.6803,68.0,Flight Risk,High (60–80%)
79,38,Female,Research & Development,Laboratory Technician,2,Single,No,Travel_Frequently,2406,10,9,4,3,4,No,0.6799,68.0,Flight Risk,High (60–80%)
939,33,Male,Research & Development,Research Scientist,1,Single,Yes,Travel_Rarely,2799,3,0,1,3,3,No,0.6796,68.0,Flight Risk,High (60–80%)
1403,27,Female,Sales,Sales Executive,2,Married,Yes,Travel_Rarely,5769,6,4,4,3,4,No,0.6781,67.8,Flight Risk,High (60–80%)
1481,44,Female,Sales,Sales Executive,2,Married,No,Travel_Frequently,4768,1,0,3,2,1,No,0.6775,67.7,Flight Risk,High (60–80%)
124,46,Male,Research & Development,Healthcare Representative,3,Married,Yes,Travel_Frequently,10673,10,9,1,2,3,No,0.6767,67.7,Flight Risk,High (60–80%)
684,45,Female,Sales,Sales Executive,2,Married,No,Travel_Frequently,4286,1,0,1,3,1,Yes,0.6764,67.6,Flight Risk,High (60–80%)
904,37,Male,Sales,Sales Executive,3,Single,Yes,Non-Travel,7642,10,0,2,3,1,No,0.6719,67.2,Flight Risk,High (60–80%)
493,31,Male,Research & Development,Research Scientist,1,Single,Yes,Travel_Rarely,2657,2,2,2,3,3,No,0.6708,67.1,Flight Risk,High (60–80%)
466,41,Male,Research & Development,Manufacturing Director,2,Single,Yes,Travel_Rarely,6032,5,1,2,3,4,No,0.6703,67.0,Flight Risk,High (60–80%)
133,37,Male,Human Resources,Human Resources,1,Divorced,Yes,Travel_Rarely,2073,3,0,1,3,3,Yes,0.6691,66.9,Flight Risk,High (60–80%)
1033,37,Female,Research & Development,Healthcare Representative,2,Married,No,Travel_Rarely,4777,1,0,2,1,1,Yes,0.6671,66.7,Flight Risk,High (60–80%)
1675,38,Female,Research & Development,Laboratory Technician,1,Single,No,Travel_Frequently,2440,4,3,2,3,4,No,0.6666,66.7,Flight Risk,High (60–80%)
1720,32,Male,Research & Development,Research Scientist,1,Married,No,Travel_Frequently,3433,5,1,3,2,1,No,0.6625,66.2,Flight Risk,High (60–80%)
104,30,Male,Research & Development,Laboratory Technician,2,Married,Yes,Travel_Rarely,5126,10,3,4,2,4,No,0.6616,66.2,Flight Risk,High (60–80%)
1277,45,Female,Sales,Manager,5,Single,Yes,Travel_Rarely,18824,24,1,2,3,1,Yes,0.6601,66.0,Flight Risk,High (60–80%)
1180,40,Female,Research & Development,Research Scientist,2,Married,Yes,Travel_Frequently,4422,1,0,4,1,3,No,0.6601,66.0,Flight Risk,High (60–80%)
1132,39,Male,Research & Development,Laboratory Technician,2,Single,No,Non-Travel,6782,5,0,2,2,3,No,0.66,66.0,Flight Risk,High (60–80%)
1674,49,Female,Research & Development,Laboratory Technician,1,Divorced,Yes,Travel_Rarely,2587,2,2,1,2,4,No,0.6584,65.8,Flight Risk,High (60–80%)
1415,25,Male,Research & Development,Laboratory Technician,1,Married,No,Travel_Rarely,3229,3,0,4,2,1,No,0.656,65.6,Flight Risk,High (60–80%)
425,45,Male,Research & Development,Laboratory Technician,3,Divorced,No,Travel_Frequently,5210,24,9,1,3,1,No,0.6539,65.4,Flight Risk,High (60–80%)
1657,20,Female,Sales,Sales Representative,1,Single,No,Travel_Rarely,2783,2,2,3,3,3,No,0.6525,65.2,Flight Risk,High (60–80%)
663,43,Male,Research & Development,Laboratory Technician,2,Divorced,Yes,Travel_Frequently,5679,8,4,3,3,4,No,0.6509,65.1,Flight Risk,High (60–80%)
434,27,Female,Research & Development,Research Scientist,1,Single,Yes,Travel_Rarely,2478,4,1,2,2,3,No,0.65,65.0,Flight Risk,High (60–80%)
1234,32,Female,Research & Development,Laboratory Technician,1,Married,No,Travel_Frequently,2743,2,2,2,3,3,No,0.6497,65.0,Flight Risk,High (60–80%)
1779,34,Female,Sales,Sales Executive,2,Single,No,Travel_Rarely,6029,2,2,4,3,4,No,0.6492,64.9,Flight Risk,High (60–80%)
983,38,Female,Sales,Sales Executive,2,Single,Yes,Non-Travel,5666,5,1,4,3,3,No,0.6491,64.9,Flight Risk,High (60–80%)
738,50,Male,Sales,Sales Representative,1,Married,No,Travel_Rarely,3875,2,2,2,3,4,No,0.6478,64.8,Flight Risk,High (60–80%)
538,25,Male,Research & Development,Laboratory Technician,1,Married,No,Travel_Rarely,4031,2,0,1,3,1,Yes,0.6477,64.8,Flight Risk,High (60–80%)
875,42,Male,Research & Development,Research Scientist,1,Single,Yes,Travel_Frequently,2515,2,2,4,3,2,No,0.6476,64.8,Flight Risk,High (60–80%)
1371,27,Male,Sales,Sales Executive,2,Single,No,Travel_Frequently,5071,6,0,4,3,4,No,0.6456,64.6,Flight Risk,High (60–80%)
1739,32,Male,Sales,Sales Executive,3,Married,No,Travel_Rarely,9610,4,0,3,1,4,No,0.6456,64.6,Flight Risk,High (60–80%)
885,25,Male,Sales,Sales Executive,2,Married,No,Travel_Rarely,4256,5,0,1,4,3,No,0.6441,64.4,Flight Risk,High (60–80%)
1329,41,Male,Sales,Sales Executive,2,Single,No,Non-Travel,6151,19,11,2,3,3,No,0.6413,64.1,Flight Risk,High (60–80%)
1612,45,Male,Sales,Sales Executive,2,Married,No,Non-Travel,4385,10,4,1,3,1,No,0.6407,64.1,Flight Risk,High (60–80%)
68,44,Female,Sales,Sales Executive,2,Divorced,Yes,Travel_Rarely,5454,4,1,1,2,2,No,0.6405,64.1,Flight Risk,High (60–80%)
45,24,Male,Research & Development,Research Scientist,1,Married,Yes,Travel_Rarely,2293,2,2,4,2,2,Yes,0.6392,63.9,Flight Risk,High (60–80%)
1160,31,Male,Research & Development,Laboratory Technician,1,Married,No,Travel_Frequently,2610,2,2,3,2,3,Yes,0.639,63.9,Flight Risk,High (60–80%)
1985,40,Female,Research & Development,Laboratory Technician,2,Married,No,Travel_Frequently,6323,10,9,3,4,4,No,0.6374,63.7,Flight Risk,High (60–80%)
15,29,Female,Research & Development,Laboratory Technician,2,Single,Yes,Travel_Rarely,4193,9,0,3,3,4,No,0.6353,63.5,Flight Risk,High (60–80%)
145,51,Female,Research & Development,Healthcare Representative,3,Single,No,Travel_Frequently,7484,13,12,1,2,1,No,0.6343,63.4,Flight Risk,High (60–80%)
1816,30,Female,Research & Development,Manufacturing Director,3,Single,No,Travel_Rarely,9667,7,0,3,3,1,No,0.633,63.3,Flight Risk,High (60–80%)
399,31,Female,Sales,Sales Representative,1,Divorced,No,Travel_Frequently,2789,2,2,2,2,4,No,0.6314,63.1,Flight Risk,High (60–80%)
1534,40,Male,Research & Development,Laboratory Technician,1,Single,No,Travel_Rarely,2018,5,1,1,1,4,Yes,0.6312,63.1,Flight Risk,High (60–80%)
1131,21,Female,Research & Development,Research Scientist,1,Single,Yes,Travel_Rarely,2070,2,2,2,4,4,No,0.6305,63.1,Flight Risk,High (60–80%)
397,36,Male,Research & Development,Research Scientist,2,Single,No,Travel_Rarely,4485,8,7,2,3,3,No,0.6304,63.0,Flight Risk,High (60–80%)
752,42,Male,Research & Development,Research Scientist,1,Divorced,Yes,Travel_Frequently,2759,2,2,3,3,3,Yes,0.6296,63.0,Flight Risk,High (60–80%)
1856,47,Female,Research & Development,Laboratory Technician,1,Single,No,Travel_Rarely,2105,2,2,3,3,2,No,0.6286,62.9,Flight Risk,High (60–80%)
1486,28,Male,Sales,Sales Representative,1,Married,No,Travel_Frequently,2909,3,1,3,4,1,Yes,0.6279,62.8,Flight Risk,High (60–80%)
565,29,Female,Research & Development,Research Scientist,1,Married,No,Travel_Rarely,2546,2,1,2,4,3,Yes,0.6264,62.6,Flight Risk,High (60–80%)
1436,36,Female,Sales,Sales Executive,2,Married,No,Travel_Rarely,5647,3,0,1,2,3,No,0.6252,62.5,Flight Risk,High (60–80%)
1502,33,Female,Research & Development,Laboratory Technician,1,Married,No,Travel_Rarely,3838,5,0,2,3,1,No,0.6247,62.5,Flight Risk,High (60–80%)
267,37,Male,Research & Development,Research Scientist,1,Married,Yes,Travel_Rarely,3564,8,1,1,2,2,No,0.6247,62.5,Flight Risk,High (60–80%)
2056,39,Female,Sales,Sales Executive,4,Married,No,Travel_Rarely,12031,20,9,4,2,2,No,0.6177,61.8,Flight Risk,High (60–80%)
2020,44,Male,Research & Development,Research Scientist,1,Single,Yes,Travel_Rarely,2436,4,1,4,3,2,No,0.6174,61.7,Flight Risk,High (60–80%)
437,27,Male,Sales,Sales Executive,2,Single,Yes,Travel_Rarely,4478,5,0,3,3,4,No,0.6166,61.7,Flight Risk,High (60–80%)
376,47,Male,Research & Development,Manager,3,Married,Yes,Non-Travel,11849,10,9,2,2,1,Yes,0.6157,61.6,Flight Risk,High (60–80%)
1297,51,Female,Research & Development,Laboratory Technician,1,Single,No,Travel_Frequently,2838,7,7,3,2,2,No,0.6144,61.4,Flight Risk,High (60–80%)
1641,40,Female,Research & Development,Manufacturing Director,3,Single,Yes,Travel_Rarely,7945,4,3,4,2,3,No,0.6133,61.3,Flight Risk,High (60–80%)
1135,31,Male,Sales,Sales Representative,1,Married,No,Travel_Frequently,2791,2,2,4,3,3,No,0.613,61.3,Flight Risk,High (60–80%)
1425,36,Female,Sales,Sales Executive,2,Single,Yes,Travel_Rarely,9278,5,0,2,3,1,No,0.6094,60.9,Flight Risk,High (60–80%)
632,24,Male,Sales,Sales Representative,1,Married,No,Travel_Frequently,2400,2,2,4,3,4,No,0.6093,60.9,Flight Risk,High (60–80%)
555,34,Female,Sales,Sales Representative,1,Divorced,No,Travel_Frequently,2351,2,1,3,2,4,Yes,0.6069,60.7,Flight Risk,High (60–80%)
1244,27,Male,Research & Development,Research Scientist,1,Married,Yes,Travel_Rarely,2235,9,6,1,2,1,No,0.6052,60.5,Flight Risk,High (60–80%)
1833,31,Female,Sales,Sales Executive,3,Married,No,Travel_Frequently,9637,3,2,1,3,1,No,0.6046,60.5,Flight Risk,High (60–80%)
396,49,Female,Research & Development,Research Director,5,Single,Yes,Travel_Frequently,18665,3,1,1,3,3,No,0.6046,60.5,Flight Risk,High (60–80%)
1433,31,Female,Research & Development,Research Scientist,1,Single,No,Travel_Rarely,1261,1,0,2,4,1,Yes,0.6044,60.4,Flight Risk,High (60–80%)
297,30,Female,Research & Development,Research Scientist,1,Single,Yes,Travel_Rarely,2657,5,0,1,3,4,Yes,0.6021,60.2,Flight Risk,High (60–80%)
1507,28,Male,Sales,Sales Executive,2,Single,No,Travel_Frequently,4898,4,1,1,3,3,No,0.601,60.1,Flight Risk,High (60–80%)
1405,27,Female,Research & Development,Research Scientist,1,Single,Yes,Travel_Rarely,2394,8,7,3,3,4,Yes,0.5982,59.8,At Watch,Medium (30–60%)
1850,27,Female,Research & Development,Laboratory Technician,1,Single,Yes,Travel_Frequently,2379,5,0,4,2,4,No,0.5975,59.8,At Watch,Medium (30–60%)
1541,34,Male,Sales,Sales Representative,1,Married,Yes,Travel_Rarely,2308,11,5,3,3,2,No,0.5969,59.7,At Watch,Medium (30–60%)
1046,32,Female,Research & Development,Laboratory Technician,1,Single,No,Non-Travel,4025,8,7,3,3,4,No,0.5965,59.7,At Watch,Medium (30–60%)
62,46,Male,Sales,Sales Executive,2,Single,Yes,Travel_Frequently,5772,9,0,4,3,1,No,0.5964,59.6,At Watch,Medium (30–60%)
1667,35,Male,Sales,Sales Executive,2,Single,Yes,Travel_Frequently,4581,11,6,4,4,4,Yes,0.5962,59.6,At Watch,Medium (30–60%)
1237,36,Female,Research & Development,Manufacturing Director,3,Divorced,Yes,Travel_Rarely,10252,7,7,1,3,3,No,0.5949,59.5,At Watch,Medium (30–60%)
1435,36,Male,Research & Development,Laboratory Technician,2,Single,No,Travel_Rarely,5810,10,1,4,2,1,No,0.5896,59.0,At Watch,Medium (30–60%)
2064,27,Male,Research & Development,Manufacturing Director,2,Married,Yes,Travel_Rarely,6142,6,0,2,3,2,No,0.5893,58.9,At Watch,Medium (30–60%)
1492,35,Male,Sales,Sales Representative,1,Married,No,Travel_Rarely,2404,1,0,3,3,4,No,0.5891,58.9,At Watch,Medium (30–60%)
760,39,Female,Human Resources,Human Resources,2,Married,No,Travel_Rarely,6389,8,3,2,1,3,No,0.5882,58.8,At Watch,Medium (30–60%)
1980,54,Female,Research & Development,Manufacturing Director,2,Single,Yes,Travel_Rarely,4440,5,1,1,3,3,No,0.5882,58.8,At Watch,Medium (30–60%)
286,36,Female,Research & Development,Laboratory Technician,1,Single,No,Travel_Frequently,2153,8,1,4,3,2,No,0.5875,58.8,At Watch,Medium (30–60%)
484,21,Male,Sales,Sales Representative,1,Single,No,Non-Travel,2610,3,2,4,2,1,No,0.5871,58.7,At Watch,Medium (30–60%)
103,46,Male,Human Resources,Human Resources,2,Divorced,Yes,Travel_Rarely,5021,4,0,2,3,2,No,0.5868,58.7,At Watch,Medium (30–60%)
1563,38,Male,Human Resources,Human Resources,2,Married,No,Travel_Frequently,6077,6,1,3,3,3,No,0.5853,58.5,At Watch,Medium (30–60%)
1390,39,Male,Sales,Sales Executive,2,Married,Yes,Travel_Rarely,6120,5,1,4,4,1,No,0.5848,58.5,At Watch,Medium (30–60%)
805,35,Female,Sales,Sales Representative,1,Married,No,Travel_Rarely,2572,3,0,4,2,1,No,0.5838,58.4,At Watch,Medium (30–60%)
1692,32,Male,Research & Development,Laboratory Technician,1,Single,No,Travel_Rarely,1393,1,0,2,3,4,Yes,0.5837,58.4,At Watch,Medium (30–60%)
1171,42,Male,Sales,Sales Executive,2,Single,No,Travel_Rarely,5155,6,1,1,4,2,No,0.5835,58.3,At Watch,Medium (30–60%)
1606,50,Male,Research & Development,Healthcare Representative,4,Married,Yes,Travel_Frequently,11245,30,12,3,3,2,No,0.5834,58.3,At Watch,Medium (30–60%)
233,27,Male,Research & Development,Research Scientist,1,Married,Yes,Travel_Rarely,3058,5,1,2,2,3,No,0.5822,58.2,At Watch,Medium (30–60%)
1043,39,Female,Research & Development,Manufacturing Director,3,Single,Yes,Travel_Frequently,10880,21,2,1,3,4,No,0.5818,58.2,At Watch,Medium (30–60%)
1883,29,Male,Research & Development,Laboratory Technician,1,Single,No,Travel_Rarely,2062,3,1,1,3,4,No,0.5806,58.1,At Watch,Medium (30–60%)
1586,29,Male,Research & Development,Laboratory Technician,1,Single,Yes,Travel_Rarely,4723,10,1,1,3,2,No,0.5805,58.0,At Watch,Medium (30–60%)
2054,29,Female,Research & Development,Research Scientist,1,Single,No,Travel_Rarely,3785,5,0,1,1,4,No,0.579,57.9,At Watch,Medium (30–60%)
1251,31,Male,Research & Development,Healthcare Representative,2,Married,Yes,Travel_Rarely,6833,6,0,1,2,3,No,0.5778,57.8,At Watch,Medium (30–60%)
1766,38,Male,Research & Development,Healthcare Representative,2,Married,Yes,Travel_Rarely,5811,1,1,4,3,2,No,0.5774,57.7,At Watch,Medium (30–60%)
582,33,Male,Research & Development,Manager,3,Married,Yes,Travel_Rarely,13610,7,7,3,4,2,Yes,0.5768,57.7,At Watch,Medium (30–60%)
956,26,Male,Sales,Sales Executive,2,Single,No,Travel_Frequently,4294,7,0,1,3,3,No,0.5753,57.5,At Watch,Medium (30–60%)
934,34,Male,Research & Development,Laboratory Technician,1,Divorced,No,Travel_Rarely,2008,1,1,2,3,2,No,0.575,57.5,At Watch,Medium (30–60%)
453,40,Male,Sales,Sales Executive,2,Married,Yes,Travel_Rarely,7457,4,0,4,2,2,No,0.5738,57.4,At Watch,Medium (30–60%)
201,19,Female,Research & Development,Laboratory Technician,1,Single,No,Travel_Rarely,1483,1,0,2,3,2,No,0.5734,57.3,At Watch,Medium (30–60%)
1950,34,Male,Sales,Sales Executive,3,Single,No,Travel_Rarely,9888,14,2,4,2,1,No,0.5705,57.1,At Watch,Medium (30–60%)
81,59,Female,Sales,Sales Executive,3,Single,No,Travel_Rarely,7637,21,7,1,2,1,No,0.5698,57.0,At Watch,Medium (30–60%)
1880,36,Female,Sales,Sales Executive,2,Married,Yes,Travel_Rarely,5673,10,1,3,3,2,No,0.569,56.9,At Watch,Medium (30–60%)
1275,26,Male,Research & Development,Research Scientist,1,Single,Yes,Travel_Rarely,2875,8,2,4,2,3,No,0.5686,56.9,At Watch,Medium (30–60%)
1399,25,Male,Sales,Sales Executive,2,Married,No,Travel_Rarely,6232,3,1,3,2,1,No,0.5682,56.8,At Watch,Medium (30–60%)
193,38,Female,Research & Development,Research Scientist,2,Single,Yes,Travel_Rarely,4317,3,2,3,3,4,No,0.5679,56.8,At Watch,Medium (30–60%)
1165,29,Female,Sales,Sales Executive,3,Married,No,Travel_Rarely,7336,11,3,1,1,4,Yes,0.5668,56.7,At Watch,Medium (30–60%)
1101,33,Female,Research & Development,Research Scientist,2,Single,No,Travel_Frequently,4508,13,3,3,3,1,Yes,0.5662,56.6,At Watch,Medium (30–60%)
1981,24,Male,Research & Development,Healthcare Representative,2,Single,No,Travel_Rarely,4617,4,1,3,2,2,No,0.5648,56.5,At Watch,Medium (30–60%)
1761,31,Male,Sales,Sales Executive,3,Married,No,Travel_Rarely,8161,1,0,3,3,1,Yes,0.5641,56.4,At Watch,Medium (30–60%)
1605,22,Female,Research & Development,Research Scientist,1,Married,Yes,Non-Travel,2814,4,1,3,2,2,No,0.5639,56.4,At Watch,Medium (30–60%)
1311,30,Female,Research & Development,Laboratory Technician,2,Married,No,Travel_Rarely,4627,9,6,4,3,1,No,0.5635,56.4,At Watch,Medium (30–60%)
744,44,Male,Research & Development,Laboratory Technician,1,Single,No,Non-Travel,3708,5,1,3,3,1,No,0.5635,56.3,At Watch,Medium (30–60%)
1622,28,Female,Research & Development,Manufacturing Director,2,Divorced,No,Travel_Rarely,4877,5,0,1,2,2,No,0.5618,56.2,At Watch,Medium (30–60%)
729,40,Male,Sales,Sales Executive,3,Married,Yes,Travel_Frequently,10475,18,1,1,3,4,No,0.5618,56.2,At Watch,Medium (30–60%)
1725,24,Male,Research & Development,Laboratory Technician,1,Divorced,No,Travel_Rarely,3907,6,1,1,4,2,No,0.5585,55.8,At Watch,Medium (30–60%)
2014,39,Male,Research & Development,Research Scientist,2,Single,No,Travel_Rarely,4108,7,1,4,3,1,No,0.5577,55.8,At Watch,Medium (30–60%)
1659,36,Male,Research & Development,Laboratory Technician,1,Single,No,Travel_Rarely,2013,4,1,2,3,1,No,0.5575,55.8,At Watch,Medium (30–60%)
1154,28,Male,Research & Development,Research Scientist,1,Divorced,Yes,Travel_Frequently,2703,3,0,3,3,3,No,0.5567,55.7,At Watch,Medium (30–60%)
328,33,Female,Research & Development,Laboratory Technician,1,Married,No,Travel_Rarely,2707,9,1,1,4,1,Yes,0.5564,55.6,At Watch,Medium (30–60%)
216,34,Female,Sales,Sales Representative,1,Married,No,Travel_Frequently,2231,4,1,3,3,3,No,0.5559,55.6,At Watch,Medium (30–60%)
1220,33,Female,Sales,Sales Executive,2,Married,No,Travel_Frequently,4539,10,0,3,2,2,No,0.5559,55.6,At Watch,Medium (30–60%)
1395,33,Male,Sales,Sales Executive,2,Married,No,Travel_Frequently,9998,5,1,4,4,2,No,0.5546,55.5,At Watch,Medium (30–60%)
799,54,Female,Research & Development,Manufacturing Director,2,Divorced,Yes,Travel_Rarely,5485,5,1,1,3,4,No,0.5531,55.3,At Watch,Medium (30–60%)
1547,42,Male,Research & Development,Healthcare Representative,3,Married,Yes,Travel_Frequently,10124,20,13,4,1,4,No,0.5529,55.3,At Watch,Medium (30–60%)
1113,50,Male,Sales,Sales Executive,2,Single,Yes,Travel_Frequently,4728,0,0,3,3,4,Yes,0.5519,55.2,At Watch,Medium (30–60%)
463,29,Female,Sales,Sales Executive,2,Divorced,Yes,Travel_Rarely,8268,7,1,2,3,4,No,0.551,55.1,At Watch,Medium (30–60%)
1787,37,Male,Sales,Sales Executive,2,Married,No,Travel_Rarely,4189,5,0,2,3,2,No,0.5503,55.0,At Watch,Medium (30–60%)
1391,51,Male,Sales,Sales Executive,3,Married,No,Travel_Frequently,10596,4,3,2,3,2,No,0.5499,55.0,At Watch,Medium (30–60%)
916,28,Male,Sales,Sales Executive,2,Single,No,Travel_Rarely,4908,4,0,4,3,1,No,0.5498,55.0,At Watch,Medium (30–60%)
1865,29,Male,Human Resources,Human Resources,1,Married,No,Travel_Rarely,2804,1,0,2,3,4,No,0.5487,54.9,At Watch,Medium (30–60%)
893,38,Male,Sales,Sales Representative,1,Married,No,Travel_Rarely,2899,2,1,2,3,2,No,0.5487,54.9,At Watch,Medium (30–60%)
556,38,Male,Research & Development,Laboratory Technician,1,Married,Yes,Travel_Frequently,1702,1,0,4,3,4,No,0.5461,54.6,At Watch,Medium (30–60%)
1807,34,Male,Research & Development,Laboratory Technician,2,Married,No,Travel_Frequently,5346,7,0,1,2,4,Yes,0.545,54.5,At Watch,Medium (30–60%)
879,25,Male,Sales,Sales Executive,2,Married,Yes,Travel_Rarely,4194,5,0,1,3,3,No,0.5446,54.5,At Watch,Medium (30–60%)
1202,29,Female,Research & Development,Research Scientist,1,Married,Yes,Travel_Rarely,2168,5,1,4,2,2,No,0.5432,54.3,At Watch,Medium (30–60%)
246,31,Female,Research & Development,Research Scientist,1,Married,Yes,Travel_Rarely,3929,4,0,4,3,3,No,0.5427,54.3,At Watch,Medium (30–60%)
974,29,Female,Sales,Sales Representative,1,Married,No,Travel_Frequently,2157,3,0,4,3,3,No,0.5425,54.2,At Watch,Medium (30–60%)
650,31,Male,Sales,Sales Executive,2,Divorced,No,Travel_Rarely,4233,3,1,1,1,2,Yes,0.5385,53.8,At Watch,Medium (30–60%)
833,30,Female,Research & Development,Manufacturing Director,2,Single,Yes,Travel_Rarely,6877,0,0,4,2,3,No,0.5382,53.8,At Watch,Medium (30–60%)
1908,36,Male,Sales,Sales Executive,2,Married,No,Travel_Rarely,5507,4,1,2,1,3,No,0.5355,53.6,At Watch,Medium (30–60%)
900,37,Female,Sales,Sales Representative,1,Married,No,Travel_Frequently,2973,5,0,4,3,3,No,0.5348,53.5,At Watch,Medium (30–60%)
1564,35,Male,Research & Development,Laboratory Technician,1,Single,No,Travel_Rarely,2450,3,1,1,3,4,No,0.5337,53.4,At Watch,Medium (30–60%)
2045,36,Female,Sales,Sales Executive,2,Married,No,Travel_Rarely,6652,6,0,4,2,2,No,0.5336,53.4,At Watch,Medium (30–60%)
329,52,Male,Sales,Manager,5,Single,Yes,Non-Travel,19068,33,15,3,4,1,No,0.5327,53.3,At Watch,Medium (30–60%)
1827,47,Female,Research & Development,Manufacturing Director,3,Divorced,Yes,Travel_Rarely,10333,22,14,2,3,3,No,0.5326,53.3,At Watch,Medium (30–60%)
1818,26,Female,Human Resources,Human Resources,1,Married,Yes,Travel_Rarely,2148,5,1,2,3,4,Yes,0.5325,53.2,At Watch,Medium (30–60%)
1613,31,Male,Sales,Sales Executive,2,Single,No,Travel_Frequently,5332,5,0,1,3,4,No,0.5322,53.2,At Watch,Medium (30–60%)
645,25,Male,Sales,Sales Representative,1,Married,No,Travel_Rarely,2096,7,0,3,3,2,No,0.532,53.2,At Watch,Medium (30–60%)
214,58,Female,Research & Development,Research Scientist,1,Married,Yes,Travel_Rarely,3346,1,0,2,2,2,No,0.5311,53.1,At Watch,Medium (30–60%)
1881,31,Male,Research & Development,Laboratory Technician,2,Divorced,No,Travel_Rarely,4197,10,0,3,3,2,No,0.5303,53.0,At Watch,Medium (30–60%)
1542,42,Male,Research & Development,Laboratory Technician,1,Married,No,Travel_Rarely,4841,1,0,2,3,3,No,0.5298,53.0,At Watch,Medium (30–60%)
604,31,Male,Sales,Sales Executive,2,Single,Yes,Travel_Rarely,6582,6,0,4,4,2,No,0.5295,53.0,At Watch,Medium (30–60%)
311,37,Male,Sales,Sales Representative,1,Divorced,No,Travel_Frequently,2793,9,5,4,3,1,No,0.5294,52.9,At Watch,Medium (30–60%)
1082,28,Male,Research & Development,Healthcare Representative,3,Single,No,Non-Travel,8722,10,1,1,2,2,Yes,0.529,52.9,At Watch,Medium (30–60%)
359,32,Male,Research & Development,Laboratory Technician,1,Married,No,Travel_Frequently,2794,5,0,2,1,2,No,0.5285,52.9,At Watch,Medium (30–60%)
1409,52,Female,Research & Development,Laboratory Technician,1,Married,No,Travel_Rarely,2950,5,0,1,1,3,No,0.5275,52.7,At Watch,Medium (30–60%)
1587,35,Female,Research & Development,Healthcare Representative,2,Single,Yes,Travel_Rarely,6142,5,0,3,3,1,No,0.5268,52.7,At Watch,Medium (30–60%)
1927,28,Male,Sales,Sales Executive,2,Married,Yes,Travel_Frequently,6834,7,0,4,3,3,No,0.5259,52.6,At Watch,Medium (30–60%)
1301,28,Male,Research & Development,Research Scientist,1,Single,No,Travel_Rarely,2080,3,1,1,2,4,No,0.5249,52.5,At Watch,Medium (30–60%)
533,30,Female,Sales,Sales Executive,2,Single,No,Travel_Rarely,6577,5,4,3,3,2,No,0.5248,52.5,At Watch,Medium (30–60%)
1467,34,Female,Human Resources,Human Resources,1,Married,No,Travel_Rarely,2742,2,2,3,3,1,Yes,0.5246,52.5,At Watch,Medium (30–60%)
1784,31,Female,Sales,Sales Executive,2,Married,No,Travel_Rarely,5468,12,5,4,3,1,No,0.5239,52.4,At Watch,Medium (30–60%)
1479,30,Male,Sales,Sales Executive,2,Married,No,Travel_Rarely,5301,2,2,3,2,4,No,0.5221,52.2,At Watch,Medium (30–60%)
1875,28,Female,Sales,Sales Representative,1,Married,No,Travel_Rarely,2856,1,0,2,3,2,No,0.522,52.2,At Watch,Medium (30–60%)
1412,35,Male,Research & Development,Manufacturing Director,3,Single,No,Travel_Frequently,9362,2,2,4,3,3,No,0.5213,52.1,At Watch,Medium (30–60%)
1049,45,Male,Human Resources,Human Resources,1,Single,No,Travel_Rarely,2177,6,0,2,3,2,No,0.5213,52.1,At Watch,Medium (30–60%)
656,37,Male,Sales,Sales Executive,2,Married,Yes,Travel_Rarely,9602,3,1,3,2,4,No,0.5205,52.1,At Watch,Medium (30–60%)
1826,35,Male,Research & Development,Laboratory Technician,1,Married,No,Travel_Rarely,2705,5,0,3,4,2,No,0.5203,52.0,At Watch,Medium (30–60%)
1753,29,Male,Research & Development,Healthcare Representative,2,Single,Yes,Travel_Frequently,6294,3,0,3,4,4,No,0.5193,51.9,At Watch,Medium (30–60%)
1193,19,Male,Research & Development,Research Scientist,1,Single,No,Travel_Rarely,2552,1,0,1,3,3,No,0.5191,51.9,At Watch,Medium (30–60%)
772,32,Male,Research & Development,Laboratory Technician,2,Married,No,Travel_Frequently,5309,10,4,4,3,1,No,0.5185,51.9,At Watch,Medium (30–60%)
2046,45,Female,Sales,Sales Executive,2,Single,No,Travel_Rarely,4850,5,0,3,3,4,No,0.5185,51.9,At Watch,Medium (30–60%)
600,35,Male,Sales,Sales Executive,2,Married,No,Travel_Rarely,4717,11,6,3,3,2,No,0.5184,51.8,At Watch,Medium (30–60%)
701,20,Male,Research & Development,Research Scientist,1,Single,Yes,Travel_Rarely,1009,1,1,3,3,4,Yes,0.518,51.8,At Watch,Medium (30–60%)
347,42,Female,Research & Development,Research Scientist,2,Single,Yes,Travel_Rarely,6545,3,0,1,3,4,No,0.5177,51.8,At Watch,Medium (30–60%)
61,37,Male,Research & Development,Research Scientist,1,Married,No,Travel_Rarely,3022,1,0,2,3,2,No,0.5174,51.7,At Watch,Medium (30–60%)
666,34,Female,Sales,Sales Representative,1,Divorced,Yes,Travel_Rarely,2579,8,0,3,3,3,No,0.5163,51.6,At Watch,Medium (30–60%)
22,22,Male,Research & Development,Laboratory Technician,1,Divorced,Yes,Non-Travel,2935,1,0,4,2,4,No,0.5154,51.5,At Watch,Medium (30–60%)
1164,35,Male,Human Resources,Human Resources,1,Single,No,Travel_Rarely,4323,5,1,3,1,3,No,0.514,51.4,At Watch,Medium (30–60%)
444,39,Male,Research & Development,Manager,5,Married,No,Travel_Frequently,19272,21,13,4,3,3,No,0.5125,51.3,At Watch,Medium (30–60%)
1509,49,Female,Research & Development,Laboratory Technician,2,Married,No,Travel_Rarely,4789,3,1,1,3,3,No,0.5123,51.2,At Watch,Medium (30–60%)
1915,34,Female,Sales,Sales Executive,2,Married,Yes,Travel_Rarely,8103,4,0,4,2,4,No,0.5119,51.2,At Watch,Medium (30–60%)
416,31,Male,Sales,Sales Executive,2,Married,No,Travel_Rarely,6929,8,7,4,2,2,No,0.5115,51.1,At Watch,Medium (30–60%)
1952,26,Male,Research & Development,Laboratory Technician,1,Single,No,Travel_Rarely,2867,7,7,1,2,3,No,0.5108,51.1,At Watch,Medium (30–60%)
2009,33,Female,Research & Development,Healthcare Representative,2,Married,Yes,Travel_Rarely,4878,9,8,4,3,2,No,0.5105,51.0,At Watch,Medium (30–60%)
1560,33,Male,Sales,Sales Executive,2,Married,No,Travel_Rarely,6392,2,2,1,1,1,No,0.5099,51.0,At Watch,Medium (30–60%)
2032,56,Male,Research & Development,Laboratory Technician,1,Married,No,Travel_Rarely,2339,10,9,3,1,4,Yes,0.5091,50.9,At Watch,Medium (30–60%)
1554,35,Female,Sales,Sales Representative,1,Married,No,Travel_Rarely,2430,5,4,3,3,2,No,0.5089,50.9,At Watch,Medium (30–60%)
91,59,Female,Sales,Sales Executive,2,Single,No,Travel_Frequently,5473,4,1,3,2,1,No,0.5083,50.8,At Watch,Medium (30–60%)
473,48,Female,Sales,Manager,3,Married,No,Travel_Rarely,12504,0,0,3,1,1,No,0.5081,50.8,At Watch,Medium (30–60%)
1204,46,Female,Sales,Manager,4,Married,No,Travel_Rarely,17048,26,15,1,3,3,No,0.5069,50.7,At Watch,Medium (30–60%)
1537,31,Female,Research & Development,Research Scientist,1,Single,No,Travel_Frequently,4084,7,7,3,1,4,Yes,0.5066,50.7,At Watch,Medium (30–60%)
1373,56,Male,Research & Development,Manufacturing Director,4,Married,Yes,Travel_Rarely,13402,19,15,2,3,4,No,0.5065,50.7,At Watch,Medium (30–60%)
764,27,Female,Research & Development,Healthcare Representative,2,Single,No,Travel_Rarely,6811,7,0,1,1,4,No,0.5064,50.6,At Watch,Medium (30–60%)
351,42,Female,Research & Development,Laboratory Technician,1,Divorced,Yes,Travel_Rarely,2593,9,7,1,3,4,No,0.5053,50.5,At Watch,Medium (30–60%)
389,55,Male,Research & Development,Laboratory Technician,2,Married,Yes,Travel_Rarely,5415,10,0,4,3,2,No,0.505,50.5,At Watch,Medium (30–60%)
24,38,Male,Research & Development,Research Scientist,1,Single,Yes,Travel_Rarely,3944,3,1,4,3,4,No,0.5046,50.5,At Watch,Medium (30–60%)
731,41,Male,Human Resources,Manager,5,Divorced,No,Travel_Rarely,19141,21,12,4,2,2,No,0.5038,50.4,At Watch,Medium (30–60%)
1760,38,Female,Research & Development,Laboratory Technician,1,Married,No,Travel_Frequently,2468,6,0,2,2,3,No,0.5035,50.4,At Watch,Medium (30–60%)
1790,36,Male,Research & Development,Healthcare Representative,3,Married,Yes,Travel_Rarely,8321,12,5,1,3,4,No,0.5023,50.2,At Watch,Medium (30–60%)
1294,36,Female,Research & Development,Manufacturing Director,2,Single,Yes,Travel_Rarely,5410,16,5,2,3,3,No,0.5016,50.2,At Watch,Medium (30–60%)
1691,48,Female,Sales,Sales Representative,1,Married,Yes,Travel_Frequently,2655,9,7,3,3,4,Yes,0.5007,50.1,At Watch,Medium (30–60%)
1836,26,Male,Sales,Sales Executive,2,Single,No,Travel_Rarely,4684,5,1,4,3,3,No,0.4994,49.9,At Watch,Medium (30–60%)
613,31,Male,Sales,Manager,3,Divorced,No,Travel_Rarely,11557,5,0,4,2,3,No,0.4989,49.9,At Watch,Medium (30–60%)
1678,41,Male,Sales,Sales Executive,3,Single,Yes,Travel_Rarely,7082,2,0,3,3,4,No,0.4982,49.8,At Watch,Medium (30–60%)
686,26,Female,Research & Development,Laboratory Technician,1,Married,Yes,Travel_Rarely,2659,3,0,4,3,3,No,0.498,49.8,At Watch,Medium (30–60%)
451,43,Female,Research & Development,Healthcare Representative,3,Married,No,Travel_Rarely,9985,1,0,1,2,3,No,0.497,49.7,At Watch,Medium (30–60%)
747,30,Male,Sales,Sales Executive,2,Divorced,No,Travel_Rarely,5304,8,7,4,2,3,No,0.4965,49.7,At Watch,Medium (30–60%)
665,44,Female,Human Resources,Human Resources,2,Single,No,Travel_Rarely,5985,2,0,3,4,1,No,0.4959,49.6,At Watch,Medium (30–60%)
1098,44,Male,Human Resources,Human Resources,3,Married,No,Travel_Rarely,10482,20,3,1,3,2,Yes,0.4958,49.6,At Watch,Medium (30–60%)
445,39,Female,Sales,Sales Executive,2,Married,Yes,Travel_Rarely,5238,1,0,3,2,4,Yes,0.4948,49.5,At Watch,Medium (30–60%)
1242,42,Female,Research & Development,Research Director,3,Married,Yes,Travel_Frequently,13191,1,0,1,3,1,No,0.4935,49.4,At Watch,Medium (30–60%)
1258,48,Male,Research & Development,Laboratory Technician,1,Single,No,Travel_Rarely,2559,1,0,2,2,4,No,0.491,49.1,At Watch,Medium (30–60%)
1997,38,Male,Research & Development,Manufacturing Director,2,Married,No,Travel_Frequently,5321,8,7,3,3,1,No,0.4904,49.0,At Watch,Medium (30–60%)
1212,40,Male,Sales,Sales Executive,2,Married,No,Travel_Frequently,4327,0,0,2,3,2,No,0.4897,49.0,At Watch,Medium (30–60%)
936,42,Female,Sales,Sales Executive,2,Single,No,Travel_Rarely,6244,5,0,3,3,3,No,0.4873,48.7,At Watch,Medium (30–60%)
403,37,Male,Research & Development,Research Scientist,1,Married,Yes,Travel_Frequently,2326,4,1,4,2,2,No,0.4867,48.7,At Watch,Medium (30–60%)
1710,36,Female,Sales,Sales Representative,2,Single,No,Travel_Rarely,4502,13,6,4,2,3,No,0.4837,48.4,At Watch,Medium (30–60%)
1864,27,Female,Sales,Sales Representative,2,Married,No,Travel_Rarely,3540,9,5,3,3,2,No,0.4835,48.4,At Watch,Medium (30–60%)
1119,38,Male,Sales,Sales Executive,3,Divorced,Yes,Travel_Rarely,8740,8,2,3,3,3,No,0.4823,48.2,At Watch,Medium (30–60%)
1126,43,Female,Research & Development,Manufacturing Director,3,Married,No,Travel_Frequently,10820,8,0,1,3,3,No,0.4807,48.1,At Watch,Medium (30–60%)
470,42,Male,Human Resources,Human Resources,1,Divorced,Yes,Travel_Rarely,2696,3,1,3,3,3,No,0.4807,48.1,At Watch,Medium (30–60%)
518,37,Male,Research & Development,Manufacturing Director,2,Single,Yes,Travel_Rarely,4197,1,0,2,2,3,No,0.4806,48.1,At Watch,Medium (30–60%)
1945,35,Male,Sales,Sales Executive,2,Married,No,Travel_Rarely,5561,5,0,1,1,2,No,0.48,48.0,At Watch,Medium (30–60%)
1048,59,Male,Sales,Manager,3,Married,Yes,Travel_Rarely,11904,6,0,4,1,2,No,0.4799,48.0,At Watch,Medium (30–60%)
1070,54,Female,Sales,Sales Executive,3,Married,No,Travel_Rarely,10686,9,7,3,3,3,No,0.4789,47.9,At Watch,Medium (30–60%)
578,54,Female,Research & Development,Laboratory Technician,2,Single,No,Travel_Rarely,3780,1,0,3,3,3,No,0.4762,47.6,At Watch,Medium (30–60%)
864,45,Male,Sales,Sales Executive,3,Divorced,Yes,Travel_Rarely,10761,5,0,1,3,4,No,0.4759,47.6,At Watch,Medium (30–60%)
586,35,Male,Research & Development,Healthcare Representative,3,Married,Yes,Travel_Rarely,7632,8,0,3,3,4,No,0.4753,47.5,At Watch,Medium (30–60%)
837,38,Male,Research & Development,Healthcare Representative,2,Divorced,No,Travel_Frequently,6288,4,1,1,2,1,No,0.4749,47.5,At Watch,Medium (30–60%)
2068,34,Male,Research & Development,Laboratory Technician,2,Married,No,Travel_Rarely,4404,4,1,3,4,2,No,0.4737,47.4,At Watch,Medium (30–60%)
429,39,Male,Research & Development,Manager,4,Married,Yes,Travel_Rarely,17068,21,11,1,3,3,No,0.4729,47.3,At Watch,Medium (30–60%)
1731,47,Male,Sales,Sales Executive,2,Married,No,Non-Travel,4978,1,0,2,1,3,No,0.4712,47.1,At Watch,Medium (30–60%)
88,35,Male,Research & Development,Research Scientist,1,Married,No,Travel_Frequently,2194,3,1,1,2,2,No,0.471,47.1,At Watch,Medium (30–60%)
605,42,Male,Research & Development,Manufacturing Director,3,Married,Yes,Travel_Rarely,7406,10,5,1,2,4,No,0.4709,47.1,At Watch,Medium (30–60%)
1056,28,Male,Sales,Sales Representative,1,Married,No,Travel_Rarely,1052,1,0,2,3,4,No,0.4691,46.9,At Watch,Medium (30–60%)
530,31,Male,Research & Development,Laboratory Technician,1,Married,No,Travel_Rarely,2218,4,3,1,3,4,No,0.4689,46.9,At Watch,Medium (30–60%)
240,45,Female,Sales,Sales Executive,2,Divorced,Yes,Travel_Rarely,5006,5,0,1,4,3,No,0.4671,46.7,At Watch,Medium (30–60%)
529,37,Female,Research & Development,Research Scientist,2,Married,Yes,Non-Travel,4449,13,10,3,3,2,No,0.4666,46.7,At Watch,Medium (30–60%)
74,35,Male,Sales,Sales Executive,3,Married,No,Travel_Frequently,9069,9,1,1,2,2,No,0.466,46.6,At Watch,Medium (30–60%)
1310,39,Male,Research & Development,Research Scientist,1,Single,No,Travel_Rarely,3904,5,0,1,3,3,Yes,0.4646,46.5,At Watch,Medium (30–60%)
1292,42,Female,Research & Development,Research Scientist,2,Married,Yes,Travel_Rarely,2372,1,0,2,3,2,No,0.4632,46.3,At Watch,Medium (30–60%)
1597,34,Male,Research & Development,Healthcare Representative,2,Married,No,Travel_Frequently,5063,8,7,3,2,4,No,0.4628,46.3,At Watch,Medium (30–60%)
1924,33,Male,Sales,Sales Executive,2,Single,No,Travel_Rarely,5487,10,0,3,2,2,No,0.4623,46.2,At Watch,Medium (30–60%)
455,29,Male,Research & Development,Laboratory Technician,1,Single,No,Travel_Rarely,3983,3,2,4,3,2,No,0.4618,46.2,At Watch,Medium (30–60%)
85,36,Male,Research & Development,Manufacturing Director,2,Single,No,Travel_Frequently,6499,6,0,2,3,2,No,0.4604,46.0,At Watch,Medium (30–60%)
1150,29,Male,Research & Development,Manufacturing Director,2,Married,Yes,Travel_Rarely,5056,10,1,4,2,2,No,0.4592,45.9,At Watch,Medium (30–60%)
986,40,Female,Sales,Sales Executive,4,Single,Yes,Non-Travel,13194,1,0,2,2,2,Yes,0.4579,45.8,At Watch,Medium (30–60%)
1210,41,Male,Research & Development,Research Scientist,1,Divorced,No,Non-Travel,2107,1,0,1,1,1,Yes,0.456,45.6,At Watch,Medium (30–60%)
1583,38,Female,Sales,Sales Executive,2,Single,No,Travel_Rarely,4198,3,1,2,4,2,No,0.4543,45.4,At Watch,Medium (30–60%)
874,44,Male,Research & Development,Laboratory Technician,1,Married,Yes,Travel_Rarely,2818,3,0,4,2,1,No,0.4538,45.4,At Watch,Medium (30–60%)
889,32,Male,Sales,Sales Executive,2,Married,No,Travel_Frequently,6524,10,5,2,3,2,No,0.4536,45.4,At Watch,Medium (30–60%)
316,52,Female,Research & Development,Laboratory Technician,1,Single,No,Travel_Rarely,3212,2,2,4,2,3,No,0.4525,45.3,At Watch,Medium (30–60%)
184,30,Male,Human Resources,Human Resources,2,Married,Yes,Travel_Rarely,6347,11,4,4,1,3,No,0.4513,45.1,At Watch,Medium (30–60%)
1886,35,Female,Research & Development,Manufacturing Director,2,Married,Yes,Travel_Rarely,4788,3,0,2,3,4,No,0.4507,45.1,At Watch,Medium (30–60%)
1842,31,Male,Human Resources,Human Resources,1,Married,No,Travel_Rarely,2956,1,0,1,3,4,Yes,0.4505,45.0,At Watch,Medium (30–60%)
1746,24,Male,Human Resources,Human Resources,1,Married,No,Travel_Frequently,2145,2,2,4,3,1,No,0.4477,44.8,At Watch,Medium (30–60%)
1754,30,Male,Sales,Sales Executive,3,Divorced,No,Travel_Rarely,7140,7,1,1,3,3,No,0.4471,44.7,At Watch,Medium (30–60%)
1839,18,Female,Research & Development,Research Scientist,1,Single,No,Non-Travel,1514,0,0,3,1,2,No,0.4463,44.6,At Watch,Medium (30–60%)
1943,42,Male,Sales,Sales Executive,2,Divorced,Yes,Travel_Rarely,5087,0,0,4,3,2,No,0.4449,44.5,At Watch,Medium (30–60%)
2012,40,Male,Research & Development,Laboratory Technician,1,Married,No,Travel_Rarely,2406,1,0,4,2,1,No,0.4448,44.5,At Watch,Medium (30–60%)
1548,40,Male,Sales,Sales Executive,2,Married,No,Travel_Rarely,5473,8,7,1,4,1,No,0.4448,44.5,At Watch,Medium (30–60%)
1503,47,Female,Sales,Sales Executive,2,Married,Yes,Travel_Rarely,4591,5,1,3,2,3,No,0.444,44.4,At Watch,Medium (30–60%)
967,36,Male,Sales,Sales Executive,3,Married,Yes,Travel_Rarely,10325,16,3,4,3,3,Yes,0.4429,44.3,At Watch,Medium (30–60%)
1477,33,Male,Sales,Sales Executive,2,Married,No,Travel_Frequently,4373,4,0,1,3,4,No,0.4427,44.3,At Watch,Medium (30–60%)
1609,30,Male,Research & Development,Research Scientist,1,Married,No,Travel_Rarely,2141,6,1,2,2,2,No,0.4423,44.2,At Watch,Medium (30–60%)
1364,27,Female,Sales,Sales Representative,1,Married,No,Travel_Rarely,2534,1,0,4,3,3,No,0.4418,44.2,At Watch,Medium (30–60%)
1987,25,Female,Human Resources,Human Resources,1,Married,No,Travel_Rarely,2187,2,1,2,3,3,No,0.4413,44.1,At Watch,Medium (30–60%)
743,38,Female,Research & Development,Manufacturing Director,3,Single,Yes,Travel_Rarely,7861,1,0,3,4,3,No,0.441,44.1,At Watch,Medium (30–60%)
38,46,Female,Sales,Manager,5,Single,No,Travel_Rarely,18947,2,2,1,2,2,No,0.4393,43.9,At Watch,Medium (30–60%)
404,42,Female,Sales,Sales Executive,4,Married,No,Travel_Frequently,13525,20,4,2,4,3,No,0.4387,43.9,At Watch,Medium (30–60%)
635,37,Female,Research & Development,Manufacturing Director,2,Married,No,Travel_Rarely,6447,6,4,2,2,2,No,0.4386,43.9,At Watch,Medium (30–60%)
1932,34,Male,Research & Development,Research Scientist,2,Married,Yes,Travel_Frequently,5747,15,6,4,3,3,No,0.4386,43.9,At Watch,Medium (30–60%)
426,31,Male,Research & Development,Research Scientist,1,Divorced,Yes,Travel_Rarely,2695,2,2,4,1,3,No,0.4373,43.7,At Watch,Medium (30–60%)
496,35,Male,Research & Development,Healthcare Representative,2,Single,No,Travel_Rarely,6540,1,0,2,3,3,No,0.4371,43.7,At Watch,Medium (30–60%)
861,30,Male,Research & Development,Research Scientist,1,Divorced,No,Travel_Frequently,3761,5,0,4,2,2,No,0.4362,43.6,At Watch,Medium (30–60%)
643,24,Male,Research & Development,Laboratory Technician,1,Married,No,Travel_Rarely,2127,1,0,2,3,4,No,0.4348,43.5,At Watch,Medium (30–60%)
699,36,Male,Research & Development,Manufacturing Director,2,Divorced,Yes,Travel_Rarely,8847,3,0,2,3,2,No,0.4341,43.4,At Watch,Medium (30–60%)
1447,34,Female,Research & Development,Laboratory Technician,1,Married,No,Travel_Rarely,3294,5,0,2,2,4,No,0.4339,43.4,At Watch,Medium (30–60%)
70,35,Male,Research & Development,Healthcare Representative,3,Married,Yes,Non-Travel,9884,4,2,1,3,3,No,0.4337,43.4,At Watch,Medium (30–60%)
1992,25,Male,Research & Development,Laboratory Technician,1,Divorced,Yes,Travel_Rarely,3977,2,0,3,2,4,No,0.4321,43.2,At Watch,Medium (30–60%)
793,29,Female,Research & Development,Healthcare Representative,2,Married,No,Travel_Rarely,4335,8,1,3,2,2,No,0.4307,43.1,At Watch,Medium (30–60%)
80,50,Female,Research & Development,Research Director,5,Divorced,Yes,Travel_Rarely,18740,27,13,3,2,2,No,0.4301,43.0,At Watch,Medium (30–60%)
11,30,Male,Research & Development,Laboratory Technician,1,Divorced,No,Travel_Rarely,2693,1,0,3,3,4,No,0.4286,42.9,At Watch,Medium (30–60%)
982,30,Male,Sales,Sales Executive,3,Divorced,No,Travel_Rarely,7264,8,7,3,4,3,No,0.4285,42.9,At Watch,Medium (30–60%)
856,35,Female,Research & Development,Research Scientist,1,Single,No,Travel_Rarely,2559,6,1,1,2,3,No,0.4284,42.8,At Watch,Medium (30–60%)
1333,44,Male,Research & Development,Laboratory Technician,1,Married,No,Travel_Rarely,2362,3,1,1,4,1,Yes,0.4282,42.8,At Watch,Medium (30–60%)
903,47,Female,Sales,Sales Executive,2,Married,Yes,Travel_Rarely,4537,7,7,4,3,3,No,0.4271,42.7,At Watch,Medium (30–60%)
1106,25,Male,Research & Development,Laboratory Technician,1,Married,Yes,Travel_Rarely,3691,7,5,4,4,4,Yes,0.4269,42.7,At Watch,Medium (30–60%)
808,34,Female,Sales,Sales Executive,2,Married,No,Travel_Rarely,6500,3,1,1,3,3,No,0.4266,42.7,At Watch,Medium (30–60%)
644,50,Male,Human Resources,Manager,5,Married,No,Travel_Frequently,18200,32,10,2,3,1,No,0.4266,42.7,At Watch,Medium (30–60%)
679,32,Female,Research & Development,Research Scientist,2,Married,Yes,Travel_Rarely,6322,6,0,4,2,1,No,0.4262,42.6,At Watch,Medium (30–60%)
1360,58,Female,Research & Development,Manufacturing Director,3,Married,Yes,Travel_Rarely,10008,10,5,1,2,3,Yes,0.4258,42.6,At Watch,Medium (30–60%)
511,22,Female,Research & Development,Research Scientist,1,Married,No,Travel_Rarely,2244,2,1,2,3,1,No,0.4257,42.6,At Watch,Medium (30–60%)
481,36,Male,Sales,Sales Executive,3,Married,No,Travel_Frequently,9699,13,1,4,3,1,No,0.4256,42.6,At Watch,Medium (30–60%)
1591,50,Male,Sales,Manager,5,Married,Yes,Travel_Rarely,19331,1,0,3,3,3,No,0.4223,42.2,At Watch,Medium (30–60%)
1996,31,Male,Sales,Sales Representative,1,Married,No,Travel_Rarely,3067,2,1,3,3,1,No,0.4203,42.0,At Watch,Medium (30–60%)
449,27,Male,Sales,Sales Executive,2,Married,Yes,Non-Travel,6349,5,1,2,3,3,No,0.4179,41.8,At Watch,Medium (30–60%)
1973,55,Male,Human Resources,Manager,5,Married,Yes,Travel_Rarely,19636,10,1,2,3,3,No,0.4173,41.7,At Watch,Medium (30–60%)
78,32,Male,Research & Development,Manufacturing Director,2,Married,Yes,Travel_Rarely,6162,9,7,4,3,1,No,0.4167,41.7,At Watch,Medium (30–60%)
1411,37,Female,Research & Development,Laboratory Technician,1,Single,No,Travel_Rarely,3629,3,0,3,3,1,No,0.4147,41.5,At Watch,Medium (30–60%)
1599,43,Male,Research & Development,Laboratory Technician,1,Divorced,No,Travel_Rarely,4876,6,0,2,3,4,No,0.4131,41.3,At Watch,Medium (30–60%)
521,40,Female,Research & Development,Laboratory Technician,2,Married,No,Travel_Rarely,3448,1,0,3,3,2,No,0.413,41.3,At Watch,Medium (30–60%)
1392,41,Female,Research & Development,Research Scientist,2,Divorced,Yes,Travel_Frequently,5467,6,3,4,2,4,No,0.4129,41.3,At Watch,Medium (30–60%)
41,30,Male,Research & Development,Laboratory Technician,1,Single,No,Travel_Rarely,2206,10,1,3,3,4,No,0.4103,41.0,At Watch,Medium (30–60%)
125,32,Male,Sales,Sales Executive,2,Single,No,Travel_Rarely,5010,11,5,3,3,2,No,0.4087,40.9,At Watch,Medium (30–60%)
1042,36,Female,Research & Development,Laboratory Technician,1,Single,No,Travel_Rarely,2743,17,15,1,3,3,Yes,0.4086,40.9,At Watch,Medium (30–60%)
10,59,Female,Research & Development,Laboratory Technician,1,Married,Yes,Travel_Rarely,2670,1,0,1,2,3,No,0.4078,40.8,At Watch,Medium (30–60%)
848,26,Female,Research & Development,Research Scientist,1,Married,Yes,Travel_Frequently,2366,8,1,3,3,3,Yes,0.4071,40.7,At Watch,Medium (30–60%)
1890,36,Male,Human Resources,Human Resources,2,Single,No,Travel_Frequently,3886,10,0,4,2,2,No,0.4051,40.5,At Watch,Medium (30–60%)
852,44,Male,Research & Development,Healthcare Representative,2,Single,No,Travel_Rarely,5933,5,2,2,2,4,No,0.4044,40.4,At Watch,Medium (30–60%)
1465,45,Male,Research & Development,Manufacturing Director,3,Married,Yes,Travel_Rarely,9380,3,1,4,4,2,No,0.4041,40.4,At Watch,Medium (30–60%)
1814,41,Male,Research & Development,Healthcare Representative,2,Single,No,Travel_Rarely,6870,3,1,2,1,2,No,0.404,40.4,At Watch,Medium (30–60%)
1545,33,Male,Research & Development,Manufacturing Director,2,Single,No,Travel_Rarely,4320,5,0,2,3,4,No,0.4034,40.3,At Watch,Medium (30–60%)
1285,34,Female,Research & Development,Laboratory Technician,2,Divorced,No,Travel_Frequently,4444,11,5,2,4,3,No,0.403,40.3,At Watch,Medium (30–60%)
1211,30,Male,Sales,Sales Executive,2,Divorced,No,Travel_Rarely,4115,4,0,1,3,3,No,0.4015,40.1,At Watch,Medium (30–60%)
1389,31,Male,Research & Development,Manufacturing Director,2,Married,Yes,Travel_Rarely,6179,10,6,3,2,4,Yes,0.4013,40.1,At Watch,Medium (30–60%)
474,37,Male,Research & Development,Research Scientist,2,Divorced,Yes,Travel_Rarely,5974,7,6,1,3,3,No,0.4012,40.1,At Watch,Medium (30–60%)
758,23,Male,Research & Development,Laboratory Technician,1,Married,No,Travel_Rarely,2500,4,0,1,4,2,No,0.4012,40.1,At Watch,Medium (30–60%)
1034,55,Male,Research & Development,Healthcare Representative,2,Married,Yes,Travel_Frequently,6385,8,6,2,3,3,No,0.3986,39.9,At Watch,Medium (30–60%)
641,26,Male,Sales,Sales Executive,2,Married,No,Travel_Rarely,6272,5,1,2,4,1,No,0.398,39.8,At Watch,Medium (30–60%)
1585,36,Female,Sales,Sales Executive,2,Single,No,Travel_Rarely,6815,1,0,3,3,2,No,0.3976,39.8,At Watch,Medium (30–60%)
829,36,Male,Human Resources,Human Resources,1,Married,No,Travel_Rarely,2143,5,0,2,3,3,No,0.3966,39.7,At Watch,Medium (30–60%)
1708,41,Male,Sales,Sales Executive,3,Single,No,Travel_Rarely,9241,10,8,3,3,4,No,0.3959,39.6,At Watch,Medium (30–60%)
1216,28,Male,Research & Development,Laboratory Technician,1,Married,No,Travel_Rarely,3196,6,3,1,3,4,No,0.3946,39.5,At Watch,Medium (30–60%)
1694,55,Male,Research & Development,Research Scientist,1,Divorced,No,Travel_Rarely,3537,4,1,2,3,1,No,0.3932,39.3,At Watch,Medium (30–60%)
291,32,Male,Sales,Sales Executive,3,Married,No,Travel_Rarely,10400,14,9,4,2,4,Yes,0.393,39.3,At Watch,Medium (30–60%)
1954,29,Male,Research & Development,Healthcare Representative,2,Married,No,Travel_Rarely,5373,5,0,1,2,1,No,0.3929,39.3,At Watch,Medium (30–60%)
691,35,Male,Research & Development,Research Scientist,2,Single,No,Travel_Rarely,6646,17,11,4,3,2,No,0.391,39.1,At Watch,Medium (30–60%)
1102,28,Male,Research & Development,Laboratory Technician,1,Divorced,No,Travel_Rarely,2207,4,2,3,2,1,No,0.3908,39.1,At Watch,Medium (30–60%)
433,52,Male,Research & Development,Research Scientist,2,Married,No,Travel_Rarely,4941,8,7,2,2,3,Yes,0.3885,38.8,At Watch,Medium (30–60%)
592,36,Male,Sales,Sales Executive,3,Single,No,Non-Travel,9980,10,9,4,2,2,No,0.3883,38.8,At Watch,Medium (30–60%)
1002,45,Male,Research & Development,Laboratory Technician,2,Married,Yes,Non-Travel,3633,9,0,1,3,4,No,0.3883,38.8,At Watch,Medium (30–60%)
1929,39,Female,Sales,Sales Executive,2,Married,No,Non-Travel,5736,3,1,3,3,1,No,0.3883,38.8,At Watch,Medium (30–60%)
1092,40,Male,Research & Development,Healthcare Representative,3,Married,No,Travel_Rarely,10322,11,11,4,3,1,No,0.3881,38.8,At Watch,Medium (30–60%)
1356,34,Female,Sales,Sales Executive,2,Single,No,Travel_Rarely,6125,10,9,1,4,3,No,0.387,38.7,At Watch,Medium (30–60%)
1722,41,Male,Human Resources,Human Resources,2,Married,No,Non-Travel,6430,3,1,2,3,3,No,0.3869,38.7,At Watch,Medium (30–60%)
1974,31,Female,Research & Development,Laboratory Technician,1,Divorced,Yes,Travel_Rarely,1129,1,0,4,3,4,No,0.3868,38.7,At Watch,Medium (30–60%)
1278,55,Male,Research & Development,Healthcare Representative,4,Divorced,Yes,Non-Travel,13577,33,15,2,3,4,No,0.3831,38.3,At Watch,Medium (30–60%)
207,32,Female,Sales,Sales Executive,3,Single,No,Travel_Frequently,8998,9,3,4,3,2,No,0.3822,38.2,At Watch,Medium (30–60%)
1682,36,Male,Research & Development,Healthcare Representative,2,Married,No,Travel_Rarely,5347,3,0,3,2,1,No,0.3802,38.0,At Watch,Medium (30–60%)
510,26,Male,Research & Development,Research Scientist,1,Single,No,Travel_Frequently,3102,6,0,1,3,3,Yes,0.3799,38.0,At Watch,Medium (30–60%)
1480,42,Female,Research & Development,Laboratory Technician,1,Single,No,Travel_Frequently,3673,12,5,4,3,1,No,0.3762,37.6,At Watch,Medium (30–60%)
342,37,Male,Research & Development,Manufacturing Director,3,Divorced,No,Travel_Frequently,10048,1,0,3,3,1,Yes,0.3757,37.6,At Watch,Medium (30–60%)
284,22,Male,Research & Development,Research Scientist,1,Divorced,Yes,Travel_Rarely,2328,4,2,2,2,4,No,0.3754,37.5,At Watch,Medium (30–60%)
1127,39,Male,Research & Development,Healthcare Representative,4,Divorced,No,Travel_Frequently,12169,18,11,4,3,1,Yes,0.3752,37.5,At Watch,Medium (30–60%)
1956,31,Male,Research & Development,Research Scientist,2,Married,No,Travel_Frequently,5003,10,8,1,3,4,No,0.3748,37.5,At Watch,Medium (30–60%)
828,28,Male,Research & Development,Research Scientist,1,Single,No,Travel_Rarely,4382,2,2,3,2,3,Yes,0.3745,37.4,At Watch,Medium (30–60%)
150,24,Male,Research & Development,Laboratory Technician,1,Married,No,Travel_Rarely,2774,5,1,3,3,2,No,0.3738,37.4,At Watch,Medium (30–60%)
1647,27,Female,Research & Development,Research Scientist,1,Married,No,Travel_Rarely,3517,3,0,3,3,2,No,0.3738,37.4,At Watch,Medium (30–60%)
1749,31,Male,Sales,Sales Executive,2,Married,No,Travel_Rarely,8346,5,0,3,3,1,No,0.3736,37.4,At Watch,Medium (30–60%)
1724,40,Female,Research & Development,Manufacturing Director,2,Married,Yes,Travel_Rarely,6516,1,0,1,3,2,No,0.3732,37.3,At Watch,Medium (30–60%)
872,22,Male,Research & Development,Manufacturing Director,2,Married,No,Travel_Rarely,4775,2,2,4,1,4,No,0.3731,37.3,At Watch,Medium (30–60%)
1907,56,Male,Research & Development,Laboratory Technician,1,Single,No,Travel_Rarely,2587,4,1,4,3,1,Yes,0.3729,37.3,At Watch,Medium (30–60%)
1321,30,Female,Research & Development,Manager,3,Married,Yes,Travel_Rarely,11916,9,0,1,3,2,No,0.3729,37.3,At Watch,Medium (30–60%)
1972,38,Male,Human Resources,Human Resources,1,Married,Yes,Travel_Frequently,2991,6,1,2,3,4,No,0.3728,37.3,At Watch,Medium (30–60%)
1885,37,Male,Research & Development,Research Scientist,2,Married,Yes,Travel_Rarely,4284,5,0,1,3,4,No,0.3727,37.3,At Watch,Medium (30–60%)
134,32,Male,Research & Development,Research Scientist,1,Single,No,Travel_Rarely,2956,1,0,1,3,4,No,0.3726,37.3,At Watch,Medium (30–60%)
1306,45,Female,Research & Development,Manager,5,Single,No,Travel_Frequently,18061,0,0,2,3,2,No,0.3712,37.1,At Watch,Medium (30–60%)
1792,44,Male,Research & Development,Research Scientist,1,Divorced,Yes,Travel_Frequently,2342,5,2,2,2,3,Yes,0.3711,37.1,At Watch,Medium (30–60%)
698,54,Male,Human Resources,Human Resources,3,Married,No,Travel_Rarely,10725,9,7,2,4,3,No,0.3702,37.0,At Watch,Medium (30–60%)
1138,49,Male,Sales,Sales Executive,4,Married,No,Travel_Rarely,13120,9,2,2,3,4,No,0.3685,36.9,At Watch,Medium (30–60%)
1768,42,Male,Research & Development,Laboratory Technician,1,Divorced,No,Travel_Rarely,2766,5,0,2,2,2,No,0.3685,36.9,At Watch,Medium (30–60%)
169,22,Male,Research & Development,Laboratory Technician,1,Married,No,Travel_Rarely,2523,2,2,4,3,3,No,0.3679,36.8,At Watch,Medium (30–60%)
899,35,Male,Research & Development,Manufacturing Director,3,Married,No,Travel_Rarely,10903,13,4,2,3,4,No,0.3672,36.7,At Watch,Medium (30–60%)
2018,25,Female,Sales,Sales Executive,2,Divorced,Yes,Travel_Rarely,4907,5,0,3,2,1,No,0.367,36.7,At Watch,Medium (30–60%)
31,34,Male,Research & Development,Research Scientist,1,Single,No,Travel_Rarely,2960,4,1,1,3,2,Yes,0.3667,36.7,At Watch,Medium (30–60%)
639,24,Male,Research & Development,Research Scientist,1,Married,Yes,Travel_Rarely,2725,6,1,4,3,2,No,0.3667,36.7,At Watch,Medium (30–60%)
1434,27,Male,Research & Development,Laboratory Technician,1,Married,No,Travel_Rarely,2099,5,1,1,4,2,No,0.3664,36.6,At Watch,Medium (30–60%)
97,36,Female,Research & Development,Laboratory Technician,1,Married,No,Travel_Rarely,3038,1,0,4,3,2,No,0.3655,36.6,At Watch,Medium (30–60%)
321,59,Male,Human Resources,Human Resources,1,Married,No,Travel_Rarely,2267,2,2,3,2,2,No,0.365,36.5,At Watch,Medium (30–60%)
781,25,Female,Sales,Sales Executive,2,Single,No,Travel_Rarely,6180,6,1,4,2,3,No,0.3637,36.4,At Watch,Medium (30–60%)
95,31,Male,Research & Development,Research Scientist,1,Single,No,Travel_Rarely,2501,1,1,2,3,3,No,0.3615,36.1,At Watch,Medium (30–60%)
174,50,Female,Sales,Sales Executive,3,Single,No,Travel_Frequently,9208,2,2,4,3,3,No,0.3614,36.1,At Watch,Medium (30–60%)
667,27,Male,Sales,Sales Representative,1,Divorced,No,Travel_Rarely,3041,4,0,1,3,3,Yes,0.3613,36.1,At Watch,Medium (30–60%)
926,22,Female,Research & Development,Manufacturing Director,2,Married,Yes,Travel_Rarely,4171,3,0,3,4,2,Yes,0.3611,36.1,At Watch,Medium (30–60%)
1736,31,Female,Research & Development,Manufacturing Director,2,Single,No,Travel_Frequently,5238,5,1,4,2,4,No,0.3555,35.5,At Watch,Medium (30–60%)
549,60,Female,Research & Development,Manager,5,Married,No,Travel_Rarely,19566,29,11,1,1,1,No,0.3544,35.4,At Watch,Medium (30–60%)
330,32,Female,Sales,Sales Representative,1,Married,No,Travel_Rarely,3931,4,1,2,3,3,No,0.3537,35.4,At Watch,Medium (30–60%)
1495,24,Female,Sales,Sales Representative,1,Married,No,Non-Travel,2033,1,0,2,3,4,No,0.3529,35.3,At Watch,Medium (30–60%)
16,31,Male,Research & Development,Research Scientist,1,Divorced,No,Travel_Rarely,2911,5,4,3,2,1,No,0.3528,35.3,At Watch,Medium (30–60%)
60,34,Male,Sales,Sales Executive,2,Single,No,Non-Travel,4568,9,8,3,3,2,No,0.3518,35.2,At Watch,Medium (30–60%)
1550,40,Male,Human Resources,Manager,4,Single,Yes,Travel_Rarely,16437,21,7,4,3,3,No,0.351,35.1,At Watch,Medium (30–60%)
407,36,Male,Research & Development,Laboratory Technician,1,Married,No,Travel_Frequently,3688,1,0,4,3,3,No,0.351,35.1,At Watch,Medium (30–60%)
155,36,Female,Research & Development,Laboratory Technician,1,Divorced,No,Travel_Rarely,2835,1,0,4,3,1,No,0.3486,34.9,At Watch,Medium (30–60%)
1394,37,Male,Research & Development,Research Scientist,1,Married,Yes,Travel_Rarely,2996,6,1,3,3,3,No,0.3473,34.7,At Watch,Medium (30–60%)
657,20,Female,Research & Development,Research Scientist,1,Single,No,Travel_Rarely,2836,1,0,2,4,4,No,0.3448,34.5,At Watch,Medium (30–60%)
448,43,Female,Research & Development,Laboratory Technician,2,Divorced,No,Travel_Frequently,5257,9,0,3,4,3,No,0.3446,34.5,At Watch,Medium (30–60%)
1515,33,Male,Research & Development,Healthcare Representative,2,Single,Yes,Travel_Rarely,6388,0,0,3,3,4,No,0.3446,34.5,At Watch,Medium (30–60%)
30,21,Male,Research & Development,Research Scientist,1,Single,No,Travel_Rarely,1232,0,0,4,3,3,No,0.3446,34.5,At Watch,Medium (30–60%)
992,33,Male,Sales,Manager,4,Single,No,Non-Travel,17444,10,6,3,3,4,No,0.3441,34.4,At Watch,Medium (30–60%)
366,29,Male,Sales,Sales Executive,2,Married,No,Travel_Rarely,6644,0,0,2,3,1,No,0.3437,34.4,At Watch,Medium (30–60%)
1580,34,Male,Research & Development,Research Scientist,2,Married,No,Travel_Rarely,5484,2,2,4,2,2,No,0.3427,34.3,At Watch,Medium (30–60%)
998,33,Female,Research & Development,Healthcare Representative,2,Married,Yes,Travel_Frequently,5488,6,1,2,3,3,No,0.3415,34.1,At Watch,Medium (30–60%)
1709,29,Female,Research & Development,Laboratory Technician,1,Married,No,Travel_Rarely,2974,5,1,3,3,4,No,0.3414,34.1,At Watch,Medium (30–60%)
1195,45,Female,Research & Development,Research Scientist,1,Married,Yes,Travel_Rarely,4477,3,0,3,2,1,No,0.341,34.1,At Watch,Medium (30–60%)
910,33,Male,Human Resources,Human Resources,1,Divorced,Yes,Travel_Rarely,2277,4,0,2,4,4,No,0.3405,34.1,At Watch,Medium (30–60%)
1081,51,Male,Research & Development,Research Scientist,1,Married,Yes,Travel_Rarely,2461,10,2,3,4,1,Yes,0.3398,34.0,At Watch,Medium (30–60%)
388,29,Male,Sales,Sales Executive,2,Single,No,Travel_Frequently,4554,10,0,4,2,2,No,0.3393,33.9,At Watch,Medium (30–60%)
842,55,Male,Sales,Sales Executive,2,Single,No,Travel_Rarely,5160,9,7,4,2,3,Yes,0.339,33.9,At Watch,Medium (30–60%)
573,60,Female,Sales,Sales Executive,3,Married,No,Travel_Frequently,10266,18,13,1,4,3,No,0.3386,33.9,At Watch,Medium (30–60%)
5,33,Female,Research & Development,Research Scientist,1,Married,Yes,Travel_Frequently,2909,8,3,3,3,4,No,0.3384,33.8,At Watch,Medium (30–60%)
1448,41,Male,Research & Development,Research Scientist,1,Married,Yes,Travel_Rarely,2127,4,0,3,2,2,No,0.338,33.8,At Watch,Medium (30–60%)
1762,29,Female,Research & Development,Research Scientist,1,Divorced,No,Travel_Rarely,2109,1,0,1,3,4,No,0.3373,33.7,At Watch,Medium (30–60%)
1200,44,Male,Research & Development,Research Scientist,1,Single,Yes,Travel_Rarely,2936,6,0,3,3,3,Yes,0.3363,33.6,At Watch,Medium (30–60%)
961,31,Female,Research & Development,Healthcare Representative,2,Married,Yes,Travel_Rarely,5855,9,8,4,1,4,No,0.3361,33.6,At Watch,Medium (30–60%)
428,33,Female,Research & Development,Manager,3,Married,No,Travel_Frequently,11878,10,8,2,3,4,No,0.3341,33.4,At Watch,Medium (30–60%)
766,29,Male,Sales,Sales Representative,1,Divorced,No,Travel_Rarely,2297,2,2,2,3,4,No,0.3336,33.4,At Watch,Medium (30–60%)
12,38,Male,Research & Development,Manufacturing Director,3,Single,No,Travel_Frequently,9526,9,1,3,3,4,No,0.3324,33.2,At Watch,Medium (30–60%)
49,35,Female,Sales,Sales Representative,1,Married,No,Travel_Rarely,2014,2,2,4,3,4,No,0.3303,33.0,At Watch,Medium (30–60%)
784,23,Male,Research & Development,Research Scientist,1,Single,No,Travel_Rarely,3505,2,0,3,3,1,No,0.3294,32.9,At Watch,Medium (30–60%)
802,37,Female,Research & Development,Research Scientist,1,Divorced,Yes,Travel_Rarely,2782,5,4,1,2,4,No,0.3292,32.9,At Watch,Medium (30–60%)
625,41,Female,Sales,Manager,4,Married,No,Travel_Rarely,16595,18,11,1,3,2,No,0.3252,32.5,At Watch,Medium (30–60%)
431,49,Female,Research & Development,Healthcare Representative,4,Single,Yes,Travel_Rarely,13964,7,0,3,3,3,No,0.3243,32.4,At Watch,Medium (30–60%)
789,36,Male,Sales,Sales Executive,3,Single,No,Non-Travel,7587,10,0,1,3,1,No,0.3239,32.4,At Watch,Medium (30–60%)
1401,52,Female,Research & Development,Manufacturing Director,4,Married,Yes,Travel_Frequently,13247,5,0,3,2,4,No,0.3232,32.3,At Watch,Medium (30–60%)
39,33,Male,Research & Development,Laboratory Technician,1,Single,No,Travel_Rarely,2496,1,0,4,3,3,No,0.3231,32.3,At Watch,Medium (30–60%)
878,36,Male,Human Resources,Human Resources,1,Married,No,Travel_Rarely,2342,5,0,1,3,1,No,0.3212,32.1,At Watch,Medium (30–60%)
1172,35,Male,Research & Development,Laboratory Technician,1,Married,No,Travel_Rarely,2258,8,1,3,3,4,No,0.3209,32.1,At Watch,Medium (30–60%)
1428,30,Female,Sales,Sales Executive,2,Divorced,No,Travel_Rarely,4779,3,0,1,3,4,No,0.3183,31.8,At Watch,Medium (30–60%)
1966,32,Male,Research & Development,Manufacturing Director,2,Single,No,Travel_Rarely,9679,1,0,4,3,4,No,0.3182,31.8,At Watch,Medium (30–60%)
1562,30,Male,Sales,Sales Executive,2,Married,No,Travel_Rarely,9714,10,6,1,3,2,Yes,0.3182,31.8,At Watch,Medium (30–60%)
1362,36,Female,Sales,Sales Executive,2,Married,No,Travel_Frequently,4639,15,6,1,2,1,No,0.3181,31.8,At Watch,Medium (30–60%)
1185,35,Male,Research & Development,Laboratory Technician,1,Married,No,Travel_Frequently,2376,2,2,4,4,4,No,0.3175,31.7,At Watch,Medium (30–60%)
337,31,Male,Research & Development,Research Director,3,Divorced,No,Travel_Frequently,13675,2,2,3,3,2,No,0.3173,31.7,At Watch,Medium (30–60%)
809,42,Male,Research & Development,Manager,5,Divorced,No,Travel_Frequently,18430,24,14,4,2,2,No,0.3161,31.6,At Watch,Medium (30–60%)
1030,50,Male,Research & Development,Laboratory Technician,1,Married,No,Travel_Rarely,2380,1,0,4,3,1,No,0.3158,31.6,At Watch,Medium (30–60%)
206,45,Male,Research & Development,Laboratory Technician,2,Divorced,No,Travel_Rarely,2348,17,0,2,1,2,No,0.3152,31.5,At Watch,Medium (30–60%)
1136,28,Male,Research & Development,Research Scientist,1,Married,No,Travel_Rarely,3201,5,0,2,1,1,No,0.3151,31.5,At Watch,Medium (30–60%)
215,40,Male,Sales,Sales Executive,3,Married,No,Travel_Rarely,10855,12,2,4,2,3,No,0.3149,31.5,At Watch,Medium (30–60%)
933,27,Female,Research & Development,Research Scientist,1,Single,No,Travel_Rarely,2318,1,0,3,3,2,No,0.3147,31.5,At Watch,Medium (30–60%)
1103,34,Male,Research & Development,Healthcare Representative,2,Single,No,Travel_Frequently,7756,6,0,4,2,1,No,0.3134,31.3,At Watch,Medium (30–60%)
620,35,Female,Sales,Sales Executive,2,Single,No,Travel_Rarely,4859,5,0,3,3,1,No,0.3119,31.2,At Watch,Medium (30–60%)
132,44,Male,Research & Development,Laboratory Technician,2,Married,No,Non-Travel,2042,3,1,2,4,2,No,0.3111,31.1,At Watch,Medium (30–60%)
462,31,Female,Research & Development,Manufacturing Director,3,Single,Yes,Travel_Rarely,7143,11,4,4,2,3,No,0.311,31.1,At Watch,Medium (30–60%)
834,45,Female,Research & Development,Research Scientist,1,Single,No,Travel_Rarely,2274,1,0,3,3,2,No,0.3085,30.9,At Watch,Medium (30–60%)
194,30,Female,Research & Development,Research Scientist,1,Single,No,Travel_Rarely,2632,5,0,3,2,1,No,0.3079,30.8,At Watch,Medium (30–60%)
1633,39,Female,Research & Development,Manufacturing Director,2,Single,No,Travel_Frequently,5042,9,3,3,1,1,No,0.3077,30.8,At Watch,Medium (30–60%)
223,57,Male,Research & Development,Healthcare Representative,3,Divorced,Yes,Travel_Rarely,9439,5,1,4,1,3,No,0.3073,30.7,At Watch,Medium (30–60%)
944,49,Female,Research & Development,Laboratory Technician,3,Married,No,Travel_Rarely,7403,26,1,2,2,1,No,0.3065,30.7,At Watch,Medium (30–60%)
2061,36,Male,Research & Development,Laboratory Technician,2,Married,No,Travel_Frequently,2571,5,0,4,3,3,No,0.3063,30.6,At Watch,Medium (30–60%)
1240,25,Male,Sales,Sales Executive,2,Single,No,Travel_Rarely,4950,4,1,4,3,3,No,0.3054,30.5,At Watch,Medium (30–60%)
1430,31,Female,Research & Development,Research Director,4,Single,No,Travel_Rarely,16422,3,1,2,4,1,No,0.3053,30.5,At Watch,Medium (30–60%)
1700,37,Male,Sales,Sales Executive,2,Divorced,No,Travel_Frequently,9525,6,1,4,2,3,No,0.3047,30.5,At Watch,Medium (30–60%)
1718,26,Male,Research & Development,Laboratory Technician,1,Married,No,Travel_Rarely,2305,3,0,3,4,4,No,0.3041,30.4,At Watch,Medium (30–60%)
800,27,Male,Sales,Sales Executive,2,Married,No,Travel_Frequently,4342,4,1,4,3,3,No,0.3038,30.4,At Watch,Medium (30–60%)
1235,32,Female,Research & Development,Research Scientist,2,Single,Yes,Travel_Frequently,4998,8,0,3,3,4,No,0.3034,30.3,At Watch,Medium (30–60%)
1506,28,Male,Research & Development,Research Scientist,1,Divorced,No,Travel_Rarely,1563,1,0,3,1,1,No,0.3033,30.3,At Watch,Medium (30–60%)
56,27,Male,Sales,Sales Executive,3,Single,No,Travel_Frequently,8726,9,1,3,3,4,No,0.3032,30.3,At Watch,Medium (30–60%)
1407,26,Male,Research & Development,Research Scientist,1,Single,No,Travel_Rarely,3904,4,1,4,3,1,No,0.303,30.3,At Watch,Medium (30–60%)
1291,35,Male,Research & Development,Research Scientist,1,Married,Yes,Travel_Rarely,3506,3,2,3,3,3,No,0.3024,30.2,At Watch,Medium (30–60%)
1882,34,Male,Sales,Sales Executive,3,Married,Yes,Travel_Rarely,9713,5,1,4,3,3,No,0.302,30.2,At Watch,Medium (30–60%)
825,58,Male,Research & Development,Research Director,5,Single,Yes,Travel_Rarely,19246,31,13,2,3,4,Yes,0.3014,30.1,At Watch,Medium (30–60%)
176,41,Male,Sales,Sales Executive,3,Divorced,Yes,Travel_Rarely,8189,9,0,3,3,3,No,0.3011,30.1,At Watch,Medium (30–60%)
231,32,Male,Research & Development,Research Scientist,1,Single,No,Travel_Rarely,3038,5,1,3,3,3,No,0.301,30.1,At Watch,Medium (30–60%)
1460,45,Male,Research & Development,Healthcare Representative,3,Divorced,Yes,Travel_Rarely,10851,7,0,1,3,2,No,0.3005,30.1,At Watch,Medium (30–60%)
804,34,Female,Research & Development,Research Scientist,1,Single,No,Travel_Rarely,4381,6,1,1,3,3,No,0.2997,30.0,Stable,Low (<30%)
1648,27,Male,Research & Development,Research Scientist,1,Single,No,Travel_Frequently,2580,4,1,4,2,4,No,0.2992,29.9,Stable,Low (<30%)
381,35,Female,Research & Development,Manager,3,Divorced,No,Travel_Rarely,11996,7,6,2,2,2,No,0.2984,29.8,Stable,Low (<30%)
690,29,Female,Sales,Sales Executive,2,Married,No,Travel_Rarely,5561,6,1,3,2,2,No,0.2982,29.8,Stable,Low (<30%)
859,32,Male,Sales,Sales Executive,2,Divorced,No,Travel_Rarely,4403,5,0,4,2,2,No,0.2981,29.8,Stable,Low (<30%)
1050,53,Female,Sales,Sales Executive,3,Married,No,Travel_Frequently,7525,15,6,2,3,3,No,0.2978,29.8,Stable,Low (<30%)
1453,31,Male,Sales,Sales Executive,3,Divorced,No,Travel_Rarely,10793,13,9,4,3,1,No,0.2977,29.8,Stable,Low (<30%)
100,35,Male,Sales,Sales Executive,2,Single,No,Travel_Rarely,4312,15,2,1,3,3,No,0.2973,29.7,Stable,Low (<30%)
700,27,Male,Research & Development,Research Scientist,1,Single,No,Travel_Rarely,2045,4,1,4,3,1,No,0.2968,29.7,Stable,Low (<30%)
245,38,Female,Research & Development,Laboratory Technician,1,Single,No,Travel_Rarely,2288,2,2,4,3,3,No,0.2963,29.6,Stable,Low (<30%)
1596,35,Male,Research & Development,Laboratory Technician,2,Married,No,Travel_Rarely,3407,10,6,3,2,2,No,0.2963,29.6,Stable,Low (<30%)
305,33,Female,Research & Development,Research Scientist,1,Married,No,Travel_Rarely,2622,3,1,2,3,3,No,0.2957,29.6,Stable,Low (<30%)
1640,37,Female,Research & Development,Research Scientist,1,Married,No,Travel_Rarely,3936,8,7,2,1,2,No,0.2955,29.6,Stable,Low (<30%)
812,24,Male,Research & Development,Laboratory Technician,1,Divorced,No,Non-Travel,2694,1,0,2,3,3,No,0.2952,29.5,Stable,Low (<30%)
569,50,Male,Research & Development,Manager,4,Married,No,Travel_Rarely,17046,27,15,3,3,2,No,0.2947,29.5,Stable,Low (<30%)
1744,45,Female,Human Resources,Human Resources,3,Married,No,Travel_Rarely,9756,5,0,3,4,3,No,0.2947,29.5,Stable,Low (<30%)
1813,43,Male,Research & Development,Research Scientist,1,Single,No,Non-Travel,2438,3,1,3,2,1,No,0.2932,29.3,Stable,Low (<30%)
957,41,Male,Research & Development,Laboratory Technician,1,Single,Yes,Travel_Rarely,4721,18,2,1,3,4,No,0.2925,29.3,Stable,Low (<30%)
649,34,Male,Research & Development,Research Scientist,1,Married,Yes,Travel_Rarely,3622,6,1,4,3,2,No,0.2924,29.2,Stable,Low (<30%)
1260,29,Male,Research & Development,Healthcare Representative,2,Divorced,Yes,Travel_Rarely,6623,6,1,4,3,3,No,0.291,29.1,Stable,Low (<30%)
1732,46,Male,Sales,Sales Executive,3,Divorced,Yes,Travel_Rarely,10368,10,0,4,2,3,No,0.2907,29.1,Stable,Low (<30%)
568,57,Male,Sales,Manager,4,Divorced,No,Travel_Rarely,14118,1,0,4,2,1,No,0.2904,29.0,Stable,Low (<30%)
2049,35,Male,Research & Development,Healthcare Representative,2,Married,Yes,Travel_Frequently,5689,10,0,3,4,3,No,0.2903,29.0,Stable,Low (<30%)
128,24,Female,Sales,Sales Executive,2,Married,No,Travel_Rarely,4999,3,0,3,2,1,No,0.2898,29.0,Stable,Low (<30%)
1815,41,Female,Sales,Sales Executive,3,Divorced,Yes,Travel_Rarely,10447,22,13,3,4,3,No,0.2898,29.0,Stable,Low (<30%)
121,30,Female,Sales,Sales Executive,2,Divorced,Yes,Travel_Rarely,5209,11,2,2,2,3,No,0.2874,28.7,Stable,Low (<30%)
1028,35,Male,Research & Development,Laboratory Technician,1,Divorced,No,Travel_Rarely,3917,3,1,4,2,2,No,0.2872,28.7,Stable,Low (<30%)
975,35,Female,Sales,Sales Executive,2,Married,No,Travel_Rarely,4601,5,1,3,3,3,No,0.287,28.7,Stable,Low (<30%)
536,28,Male,Research & Development,Laboratory Technician,2,Divorced,No,Travel_Rarely,4558,10,1,1,3,3,No,0.2863,28.6,Stable,Low (<30%)
920,43,Female,Research & Development,Manufacturing Director,2,Divorced,No,Travel_Rarely,4765,1,0,2,4,1,No,0.2861,28.6,Stable,Low (<30%)
894,42,Female,Research & Development,Laboratory Technician,2,Married,Yes,Travel_Rarely,5231,5,1,4,2,3,No,0.2859,28.6,Stable,Low (<30%)
1581,26,Female,Research & Development,Research Scientist,1,Married,No,Travel_Rarely,2061,1,0,4,3,1,No,0.285,28.5,Stable,Low (<30%)
1324,31,Female,Sales,Sales Executive,3,Divorced,Yes,Non-Travel,9852,10,9,3,2,4,No,0.2843,28.4,Stable,Low (<30%)
224,27,Male,Research & Development,Research Scientist,1,Divorced,Yes,Non-Travel,2566,1,0,3,2,3,No,0.2839,28.4,Stable,Low (<30%)
721,39,Female,Research & Development,Healthcare Representative,2,Single,No,Travel_Rarely,4553,20,11,3,3,4,No,0.2828,28.3,Stable,Low (<30%)
517,42,Female,Research & Development,Laboratory Technician,1,Divorced,No,Travel_Rarely,2576,5,1,1,3,2,No,0.28,28.0,Stable,Low (<30%)
198,30,Male,Research & Development,Laboratory Technician,1,Single,No,Travel_Rarely,2720,5,1,4,3,2,No,0.2796,28.0,Stable,Low (<30%)
1514,28,Male,Research & Development,Manufacturing Director,2,Married,No,Travel_Rarely,6549,8,1,2,2,3,No,0.2794,27.9,Stable,Low (<30%)
486,37,Female,Research & Development,Laboratory Technician,1,Married,No,Travel_Rarely,3452,5,0,1,3,3,No,0.2791,27.9,Stable,Low (<30%)
580,46,Female,Sales,Sales Executive,3,Married,Yes,Travel_Rarely,9071,3,1,4,3,3,No,0.2786,27.9,Stable,Low (<30%)
1525,39,Female,Research & Development,Manufacturing Director,3,Single,No,Travel_Rarely,8376,2,2,2,3,2,No,0.2776,27.8,Stable,Low (<30%)
1044,33,Female,Sales,Sales Representative,1,Single,No,Non-Travel,2342,2,2,4,2,2,No,0.277,27.7,Stable,Low (<30%)
862,53,Female,Sales,Sales Executive,3,Married,Yes,Travel_Rarely,10934,5,0,4,3,1,No,0.2769,27.7,Stable,Low (<30%)
1912,31,Female,Sales,Sales Executive,2,Divorced,Yes,Travel_Rarely,6583,5,1,4,3,3,No,0.2759,27.6,Stable,Low (<30%)
1163,34,Female,Sales,Sales Executive,2,Married,No,Travel_Rarely,5714,6,1,3,2,2,No,0.2756,27.6,Stable,Low (<30%)
1179,30,Male,Sales,Sales Executive,2,Married,No,Travel_Rarely,6578,10,1,3,3,3,No,0.2756,27.6,Stable,Low (<30%)
523,34,Female,Sales,Sales Executive,2,Married,No,Non-Travel,6538,3,1,3,3,3,No,0.2744,27.4,Stable,Low (<30%)
1224,30,Male,Research & Development,Laboratory Technician,2,Divorced,No,Travel_Rarely,3491,10,8,3,2,3,No,0.2735,27.3,Stable,Low (<30%)
1361,40,Male,Research & Development,Laboratory Technician,1,Married,No,Travel_Rarely,2387,4,0,2,3,2,No,0.2725,27.2,Stable,Low (<30%)
192,45,Male,Research & Development,Research Scientist,1,Single,No,Travel_Rarely,3452,6,0,4,2,3,No,0.2709,27.1,Stable,Low (<30%)
1601,35,Male,Research & Development,Laboratory Technician,1,Married,No,Travel_Rarely,2690,1,0,4,2,3,No,0.2704,27.0,Stable,Low (<30%)
2031,42,Male,Research & Development,Manager,5,Married,No,Travel_Rarely,18880,22,4,3,2,1,No,0.2703,27.0,Stable,Low (<30%)
495,29,Male,Research & Development,Research Scientist,1,Single,No,Travel_Rarely,2201,3,1,4,3,4,No,0.2703,27.0,Stable,Low (<30%)
1870,27,Female,Research & Development,Research Scientist,1,Married,No,Travel_Frequently,4774,7,7,1,2,4,No,0.2684,26.8,Stable,Low (<30%)
1243,35,Female,Sales,Sales Executive,3,Married,Yes,Non-Travel,10377,13,4,4,2,3,No,0.2679,26.8,Stable,Low (<30%)
775,34,Female,Research & Development,Manufacturing Director,2,Divorced,No,Travel_Rarely,5121,0,0,1,3,2,No,0.2678,26.8,Stable,Low (<30%)
827,42,Female,Research & Development,Manufacturing Director,2,Married,Yes,Travel_Rarely,6062,4,0,4,3,4,No,0.2675,26.8,Stable,Low (<30%)
547,42,Female,Research & Development,Research Scientist,2,Divorced,No,Travel_Frequently,4556,5,0,3,3,1,No,0.2658,26.6,Stable,Low (<30%)
221,28,Male,Research & Development,Research Scientist,1,Married,No,Travel_Rarely,2713,5,0,4,1,3,No,0.2651,26.5,Stable,Low (<30%)
507,24,Female,Sales,Sales Executive,2,Divorced,Yes,Travel_Rarely,4260,5,0,3,4,4,No,0.2637,26.4,Stable,Low (<30%)
423,31,Male,Research & Development,Research Scientist,1,Married,Yes,Travel_Rarely,4821,5,0,4,3,3,No,0.2637,26.4,Stable,Low (<30%)
1931,27,Male,Research & Development,Research Scientist,1,Married,No,Travel_Rarely,2226,5,1,2,2,2,No,0.2636,26.4,Stable,Low (<30%)
1298,30,Female,Research & Development,Manufacturing Director,2,Single,Yes,Non-Travel,4695,8,1,3,3,3,No,0.2623,26.2,Stable,Low (<30%)
1598,40,Female,Sales,Sales Executive,2,Married,No,Travel_Rarely,4639,5,1,1,3,4,No,0.2621,26.2,Stable,Low (<30%)
119,40,Male,Research & Development,Healthcare Representative,4,Married,No,Travel_Frequently,13503,22,11,2,2,3,No,0.2618,26.2,Stable,Low (<30%)
602,39,Female,Research & Development,Laboratory Technician,1,Married,No,Travel_Frequently,3755,8,0,3,3,3,No,0.2602,26.0,Stable,Low (<30%)
1576,48,Female,Research & Development,Research Scientist,1,Married,No,Travel_Rarely,2367,8,7,1,2,3,No,0.2581,25.8,Stable,Low (<30%)
298,41,Female,Sales,Manager,3,Single,Yes,Travel_Rarely,13591,1,0,4,3,4,No,0.2577,25.8,Stable,Low (<30%)
152,37,Male,Sales,Sales Executive,3,Single,No,Travel_Rarely,7428,5,1,4,3,3,No,0.257,25.7,Stable,Low (<30%)
754,43,Male,Sales,Sales Executive,2,Married,No,Travel_Frequently,6804,2,2,4,3,4,No,0.2563,25.6,Stable,Low (<30%)
343,39,Female,Research & Development,Healthcare Representative,3,Single,No,Travel_Frequently,10938,19,11,3,3,3,No,0.256,25.6,Stable,Low (<30%)
680,30,Female,Research & Development,Research Scientist,1,Divorced,No,Travel_Frequently,2083,1,0,3,3,3,No,0.2543,25.4,Stable,Low (<30%)
1438,47,Male,Research & Development,Research Scientist,1,Married,No,Travel_Rarely,3420,6,1,4,2,1,No,0.254,25.4,Stable,Low (<30%)
442,31,Female,Research & Development,Manufacturing Director,3,Married,No,Travel_Frequently,8943,10,8,3,3,3,No,0.2535,25.4,Stable,Low (<30%)
277,34,Male,Research & Development,Research Scientist,1,Divorced,Yes,Travel_Frequently,3815,5,2,3,4,4,No,0.2529,25.3,Stable,Low (<30%)
1190,32,Female,Sales,Sales Representative,1,Divorced,No,Non-Travel,2827,1,0,1,3,3,No,0.2511,25.1,Stable,Low (<30%)
813,52,Female,Research & Development,Laboratory Technician,2,Married,No,Travel_Rarely,3149,5,1,3,3,4,No,0.2509,25.1,Stable,Low (<30%)
1445,24,Female,Sales,Sales Executive,2,Married,Yes,Travel_Rarely,4162,5,0,3,3,4,No,0.2506,25.1,Stable,Low (<30%)
14,35,Male,Research & Development,Laboratory Technician,1,Married,No,Travel_Rarely,2426,5,0,2,3,1,No,0.2501,25.0,Stable,Low (<30%)
1935,56,Female,Sales,Sales Executive,2,Married,No,Travel_Rarely,5380,0,0,1,3,4,No,0.2488,24.9,Stable,Low (<30%)
199,41,Male,Research & Development,Manager,4,Divorced,No,Travel_Frequently,17181,7,7,1,2,4,No,0.2484,24.8,Stable,Low (<30%)
1080,46,Female,Research & Development,Research Scientist,2,Divorced,Yes,Travel_Rarely,4615,16,1,1,3,4,No,0.2482,24.8,Stable,Low (<30%)
179,51,Male,Research & Development,Manufacturing Director,3,Single,No,Travel_Frequently,10650,4,0,4,3,1,Yes,0.2473,24.7,Stable,Low (<30%)
951,32,Female,Research & Development,Laboratory Technician,1,Married,No,Non-Travel,2332,3,0,2,3,3,No,0.2469,24.7,Stable,Low (<30%)
333,32,Male,Sales,Sales Executive,2,Married,No,Non-Travel,4465,3,2,4,3,3,No,0.2465,24.6,Stable,Low (<30%)
1457,46,Male,Sales,Sales Executive,3,Divorced,No,Travel_Rarely,10096,7,4,4,4,1,Yes,0.2462,24.6,Stable,Low (<30%)
1860,42,Male,Research & Development,Laboratory Technician,1,Single,No,Travel_Rarely,3968,0,0,3,3,4,No,0.2454,24.5,Stable,Low (<30%)
2038,32,Male,Research & Development,Research Scientist,1,Single,No,Travel_Rarely,2439,4,1,1,3,4,No,0.2452,24.5,Stable,Low (<30%)
1993,47,Male,Research & Development,Healthcare Representative,3,Single,No,Travel_Rarely,8633,17,12,3,3,1,No,0.245,24.5,Stable,Low (<30%)
630,52,Male,Research & Development,Research Scientist,2,Divorced,Yes,Travel_Rarely,5577,10,6,1,3,4,No,0.2446,24.5,Stable,Low (<30%)
1218,35,Male,Sales,Sales Executive,2,Married,Yes,Travel_Rarely,8966,7,1,1,3,3,No,0.2437,24.4,Stable,Low (<30%)
178,36,Male,Research & Development,Manufacturing Director,2,Divorced,No,Travel_Rarely,4941,3,0,2,3,2,No,0.2428,24.3,Stable,Low (<30%)
1076,43,Male,Sales,Sales Executive,3,Divorced,No,Travel_Rarely,10798,1,0,4,3,3,No,0.2421,24.2,Stable,Low (<30%)
353,51,Male,Research & Development,Research Scientist,1,Married,No,Travel_Rarely,2723,1,0,4,2,3,No,0.2418,24.2,Stable,Low (<30%)
200,41,Male,Research & Development,Laboratory Technician,1,Married,No,Travel_Rarely,2238,5,1,1,3,3,No,0.2414,24.1,Stable,Low (<30%)
763,40,Female,Research & Development,Research Scientist,1,Single,Yes,Travel_Rarely,2342,4,2,4,2,4,No,0.2412,24.1,Stable,Low (<30%)
249,50,Male,Research & Development,Laboratory Technician,1,Married,No,Travel_Rarely,3690,3,0,3,2,3,No,0.2412,24.1,Stable,Low (<30%)
1558,29,Male,Research & Development,Research Scientist,1,Married,No,Travel_Rarely,2451,1,0,3,2,3,No,0.24,24.0,Stable,Low (<30%)
18,34,Male,Research & Development,Laboratory Technician,1,Divorced,No,Travel_Rarely,2661,2,1,4,3,2,No,0.2397,24.0,Stable,Low (<30%)
1012,18,Male,Research & Development,Research Scientist,1,Single,No,Non-Travel,1051,0,0,4,3,2,No,0.2386,23.9,Stable,Low (<30%)
1553,45,Male,Research & Development,Healthcare Representative,3,Divorced,No,Travel_Rarely,7441,10,7,2,3,1,No,0.2371,23.7,Stable,Low (<30%)
1105,37,Female,Sales,Sales Executive,2,Divorced,Yes,Travel_Rarely,6694,1,0,4,3,4,No,0.2366,23.7,Stable,Low (<30%)
1022,48,Male,Research & Development,Healthcare Representative,2,Single,No,Travel_Rarely,4240,2,2,3,3,1,No,0.2366,23.7,Stable,Low (<30%)
1118,52,Male,Research & Development,Healthcare Representative,3,Single,No,Travel_Rarely,10445,8,4,2,3,2,No,0.2361,23.6,Stable,Low (<30%)
1673,31,Female,Sales,Sales Executive,2,Married,No,Travel_Rarely,5476,10,0,4,3,1,No,0.236,23.6,Stable,Low (<30%)
705,23,Male,Research & Development,Research Scientist,1,Married,No,Travel_Rarely,2819,3,0,1,4,1,No,0.235,23.5,Stable,Low (<30%)
1322,39,Male,Research & Development,Manufacturing Director,2,Single,No,Travel_Rarely,4534,8,1,3,3,1,No,0.2341,23.4,Stable,Low (<30%)
675,22,Male,Research & Development,Research Scientist,1,Married,No,Travel_Rarely,2773,2,2,3,3,1,No,0.234,23.4,Stable,Low (<30%)
171,43,Female,Research & Development,Research Scientist,1,Single,No,Travel_Frequently,4739,3,1,3,3,2,No,0.2325,23.3,Stable,Low (<30%)
1617,49,Female,Research & Development,Laboratory Technician,1,Married,No,Travel_Rarely,3211,9,1,1,2,3,No,0.2323,23.2,Stable,Low (<30%)
1683,44,Female,Human Resources,Human Resources,1,Divorced,Yes,Travel_Rarely,3195,2,2,4,3,3,No,0.2315,23.2,Stable,Low (<30%)
73,33,Female,Research & Development,Research Director,3,Single,Yes,Travel_Frequently,13458,15,8,4,3,1,No,0.2312,23.1,Stable,Low (<30%)
806,30,Male,Research & Development,Laboratory Technician,1,Married,No,Travel_Rarely,3833,2,0,3,3,4,No,0.231,23.1,Stable,Low (<30%)
995,33,Female,Research & Development,Research Scientist,1,Single,No,Travel_Rarely,3452,3,0,4,3,2,No,0.2306,23.1,Stable,Low (<30%)
35,42,Male,Sales,Sales Executive,2,Married,No,Travel_Rarely,6825,9,4,2,3,3,No,0.2305,23.0,Stable,Low (<30%)
981,53,Male,Sales,Manager,4,Divorced,No,Travel_Rarely,14852,17,15,3,4,3,No,0.2303,23.0,Stable,Low (<30%)
8,32,Male,Research & Development,Laboratory Technician,1,Single,No,Travel_Frequently,3068,7,3,4,2,4,No,0.2296,23.0,Stable,Low (<30%)
1207,33,Male,Human Resources,Human Resources,1,Married,No,Travel_Rarely,3600,5,1,3,3,2,No,0.2295,23.0,Stable,Low (<30%)
1303,25,Female,Research & Development,Research Scientist,1,Single,No,Travel_Rarely,2096,2,2,2,2,4,No,0.2288,22.9,Stable,Low (<30%)
1440,37,Male,Research & Development,Laboratory Technician,1,Single,No,Non-Travel,3500,6,1,3,1,3,No,0.2286,22.9,Stable,Low (<30%)
1809,37,Male,Research & Development,Manufacturing Director,2,Single,No,Travel_Rarely,4213,10,0,1,1,4,Yes,0.2269,22.7,Stable,Low (<30%)
1459,31,Female,Research & Development,Manufacturing Director,3,Single,No,Travel_Frequently,7446,10,4,2,3,3,Yes,0.2263,22.6,Stable,Low (<30%)
1446,32,Male,Sales,Sales Executive,2,Married,No,Travel_Rarely,9204,4,0,4,2,4,No,0.2257,22.6,Stable,Low (<30%)
304,36,Male,Research & Development,Laboratory Technician,2,Single,No,Travel_Rarely,5914,13,3,2,4,4,No,0.2252,22.5,Stable,Low (<30%)
2060,26,Female,Sales,Sales Representative,1,Single,No,Travel_Rarely,2966,4,0,3,3,4,No,0.2252,22.5,Stable,Low (<30%)
1701,34,Female,Research & Development,Research Scientist,1,Married,No,Travel_Rarely,2929,10,8,4,3,2,No,0.225,22.5,Stable,Low (<30%)
838,34,Female,Research & Development,Research Scientist,1,Single,No,Travel_Frequently,2553,5,1,4,3,3,No,0.2239,22.4,Stable,Low (<30%)
1706,43,Male,Sales,Sales Executive,2,Married,Yes,Travel_Rarely,7847,10,8,4,3,4,No,0.2234,22.3,Stable,Low (<30%)
626,37,Male,Sales,Sales Executive,3,Divorced,No,Non-Travel,8834,9,7,2,3,1,No,0.2232,22.3,Stable,Low (<30%)
757,34,Female,Research & Development,Healthcare Representative,2,Single,No,Travel_Rarely,6142,5,4,3,3,2,No,0.2223,22.2,Stable,Low (<30%)
1469,28,Male,Sales,Sales Executive,2,Single,No,Travel_Rarely,8463,5,1,1,3,4,No,0.2222,22.2,Stable,Low (<30%)
54,27,Female,Research & Development,Laboratory Technician,1,Divorced,No,Travel_Rarely,2341,1,0,1,3,4,No,0.2217,22.2,Stable,Low (<30%)
1615,34,Male,Research & Development,Manufacturing Director,2,Divorced,No,Travel_Frequently,4724,9,7,4,3,3,No,0.2202,22.0,Stable,Low (<30%)
1140,34,Male,Research & Development,Manufacturing Director,2,Single,No,Travel_Frequently,4033,3,0,3,2,4,No,0.22,22.0,Stable,Low (<30%)
780,33,Male,Research & Development,Research Scientist,1,Single,Yes,Travel_Rarely,2686,10,7,4,2,4,Yes,0.2197,22.0,Stable,Low (<30%)
57,30,Female,Research & Development,Laboratory Technician,2,Single,No,Travel_Frequently,4011,12,3,4,3,3,No,0.2193,21.9,Stable,Low (<30%)
419,36,Female,Research & Development,Laboratory Technician,2,Married,No,Non-Travel,5674,9,0,2,3,2,No,0.2191,21.9,Stable,Low (<30%)
498,28,Male,Sales,Sales Executive,2,Single,No,Travel_Rarely,5253,7,0,4,3,2,No,0.2186,21.9,Stable,Low (<30%)
1032,59,Female,Research & Development,Manufacturing Director,4,Single,Yes,Travel_Rarely,13726,5,4,4,3,3,No,0.2183,21.8,Stable,Low (<30%)
1011,31,Female,Research & Development,Manufacturing Director,2,Married,No,Travel_Frequently,4148,4,0,1,3,3,No,0.2179,21.8,Stable,Low (<30%)
314,35,Female,Sales,Sales Executive,3,Single,No,Travel_Frequently,8789,10,0,3,4,3,No,0.2172,21.7,Stable,Low (<30%)
2044,50,Male,Sales,Sales Executive,2,Divorced,No,Travel_Frequently,6728,6,0,3,3,2,Yes,0.2166,21.7,Stable,Low (<30%)
379,21,Male,Research & Development,Research Scientist,1,Single,No,Travel_Rarely,3230,3,1,3,4,4,No,0.2164,21.6,Stable,Low (<30%)
682,53,Female,Sales,Sales Executive,2,Single,No,Travel_Rarely,8381,14,8,1,4,4,No,0.2154,21.5,Stable,Low (<30%)
1029,42,Male,Sales,Manager,5,Married,No,Travel_Rarely,18303,1,0,3,4,4,No,0.215,21.5,Stable,Low (<30%)
1772,41,Male,Research & Development,Laboratory Technician,1,Divorced,No,Travel_Rarely,2289,5,0,1,3,3,No,0.2136,21.4,Stable,Low (<30%)
228,30,Female,Sales,Sales Executive,3,Married,No,Travel_Rarely,9419,10,7,4,3,2,No,0.2131,21.3,Stable,Low (<30%)
923,21,Female,Research & Development,Research Scientist,1,Single,No,Travel_Rarely,2693,1,0,4,2,4,Yes,0.2126,21.3,Stable,Low (<30%)
1922,45,Male,Research & Development,Healthcare Representative,2,Single,No,Travel_Frequently,5399,4,0,3,3,2,No,0.2114,21.1,Stable,Low (<30%)
20,29,Female,Research & Development,Manufacturing Director,3,Divorced,No,Travel_Rarely,9980,10,8,1,3,2,No,0.2111,21.1,Stable,Low (<30%)
1003,47,Female,Sales,Sales Executive,2,Single,Yes,Travel_Rarely,4163,9,0,4,3,4,No,0.2096,21.0,Stable,Low (<30%)
1162,27,Male,Research & Development,Research Scientist,1,Married,No,Travel_Rarely,2539,4,2,3,3,4,No,0.2088,20.9,Stable,Low (<30%)
21,32,Male,Research & Development,Research Scientist,1,Divorced,Yes,Travel_Rarely,3298,6,0,2,2,1,No,0.2086,20.9,Stable,Low (<30%)
868,37,Male,Sales,Sales Executive,2,Divorced,No,Travel_Rarely,6334,1,0,3,3,4,No,0.2086,20.9,Stable,Low (<30%)
1309,32,Male,Research & Development,Laboratory Technician,2,Married,No,Travel_Rarely,4883,10,1,3,3,4,Yes,0.2086,20.9,Stable,Low (<30%)
1994,33,Male,Research & Development,Laboratory Technician,1,Divorced,No,Non-Travel,2008,1,0,3,2,2,No,0.2085,20.8,Stable,Low (<30%)
1161,37,Female,Research & Development,Healthcare Representative,2,Divorced,No,Travel_Rarely,5731,6,1,4,3,3,No,0.2081,20.8,Stable,Low (<30%)
662,38,Female,Research & Development,Research Scientist,1,Single,No,Travel_Rarely,2619,0,0,1,2,3,No,0.2072,20.7,Stable,Low (<30%)
1312,36,Female,Research & Development,Healthcare Representative,3,Married,No,Travel_Rarely,7094,7,1,3,3,4,No,0.207,20.7,Stable,Low (<30%)
110,34,Male,Research & Development,Manufacturing Director,2,Married,No,Travel_Rarely,4325,5,1,2,3,1,No,0.2068,20.7,Stable,Low (<30%)
836,42,Male,Research & Development,Manufacturing Director,2,Married,No,Travel_Rarely,4434,9,7,2,2,2,No,0.2066,20.7,Stable,Low (<30%)
1654,39,Male,Research & Development,Manufacturing Director,2,Married,No,Travel_Rarely,5295,5,1,2,3,4,No,0.2065,20.7,Stable,Low (<30%)
1909,41,Female,Sales,Sales Executive,2,Married,No,Travel_Rarely,4393,5,1,2,3,3,No,0.2044,20.4,Stable,Low (<30%)
2019,52,Male,Sales,Sales Representative,1,Divorced,No,Non-Travel,3482,9,0,4,2,1,No,0.2043,20.4,Stable,Low (<30%)
339,34,Male,Research & Development,Manufacturing Director,2,Married,No,Travel_Rarely,5957,11,5,1,3,4,No,0.2038,20.4,Stable,Low (<30%)
1025,41,Female,Research & Development,Manufacturing Director,2,Single,No,Travel_Rarely,5003,2,2,3,3,4,No,0.2035,20.3,Stable,Low (<30%)
1094,27,Male,Research & Development,Laboratory Technician,1,Married,No,Non-Travel,4621,3,1,3,3,1,No,0.2032,20.3,Stable,Low (<30%)
302,45,Female,Sales,Sales Executive,3,Single,No,Non-Travel,8865,19,12,4,3,4,No,0.2028,20.3,Stable,Low (<30%)
1529,35,Female,Research & Development,Healthcare Representative,3,Single,No,Travel_Rarely,8606,11,3,2,1,4,No,0.2024,20.2,Stable,Low (<30%)
1557,48,Female,Sales,Sales Executive,2,Divorced,No,Travel_Rarely,6439,8,7,3,3,3,No,0.2017,20.2,Stable,Low (<30%)
13,36,Male,Research & Development,Healthcare Representative,2,Married,No,Travel_Rarely,5237,7,7,3,2,3,No,0.2011,20.1,Stable,Low (<30%)
1114,33,Female,Sales,Sales Executive,2,Married,No,Travel_Frequently,4302,3,0,2,3,4,No,0.2005,20.0,Stable,Low (<30%)
118,46,Male,Sales,Sales Executive,3,Single,No,Travel_Rarely,9619,9,4,4,3,3,Yes,0.1996,20.0,Stable,Low (<30%)
1267,44,Male,Sales,Manager,5,Married,No,Travel_Rarely,18213,22,3,2,3,2,No,0.1995,19.9,Stable,Low (<30%)
367,31,Male,Research & Development,Healthcare Representative,2,Married,No,Travel_Rarely,5582,9,7,4,3,2,No,0.1993,19.9,Stable,Low (<30%)
439,32,Female,Research & Development,Research Scientist,2,Single,No,Travel_Rarely,5055,7,0,4,2,1,No,0.1991,19.9,Stable,Low (<30%)
1314,46,Female,Human Resources,Human Resources,1,Single,No,Travel_Rarely,3423,7,5,1,4,4,No,0.1987,19.9,Stable,Low (<30%)
1289,34,Male,Human Resources,Human Resources,2,Married,No,Travel_Frequently,4490,10,1,2,4,3,No,0.1984,19.8,Stable,Low (<30%)
595,48,Female,Sales,Sales Executive,2,Married,No,Travel_Rarely,4051,9,6,4,3,2,No,0.197,19.7,Stable,Low (<30%)
283,29,Female,Sales,Sales Executive,3,Married,No,Travel_Rarely,7639,10,1,4,2,2,Yes,0.1964,19.6,Stable,Low (<30%)
1837,58,Male,Research & Development,Research Director,4,Married,Yes,Travel_Frequently,15787,2,2,3,3,1,No,0.1962,19.6,Stable,Low (<30%)
1527,46,Female,Sales,Manager,4,Married,No,Travel_Rarely,16606,13,5,2,4,3,No,0.1961,19.6,Stable,Low (<30%)
1719,45,Female,Research & Development,Research Director,4,Single,No,Travel_Rarely,16704,21,8,2,3,4,No,0.1957,19.6,Stable,Low (<30%)
1340,40,Male,Research & Development,Research Scientist,1,Divorced,No,Non-Travel,3544,4,0,3,3,3,No,0.1957,19.6,Stable,Low (<30%)
158,43,Male,Sales,Manager,4,Married,Yes,Travel_Frequently,16959,25,4,4,4,3,No,0.1954,19.5,Stable,Low (<30%)
1802,40,Female,Research & Development,Laboratory Technician,1,Married,No,Travel_Rarely,3377,4,0,1,2,3,No,0.1949,19.5,Stable,Low (<30%)
1073,36,Female,Research & Development,Manufacturing Director,3,Single,No,Travel_Rarely,8858,14,7,4,2,4,No,0.1948,19.5,Stable,Low (<30%)
1461,31,Female,Human Resources,Human Resources,1,Single,No,Travel_Rarely,2109,3,0,2,3,4,No,0.1946,19.5,Stable,Low (<30%)
1859,29,Male,Research & Development,Healthcare Representative,2,Divorced,No,Travel_Rarely,6384,7,1,3,3,4,No,0.1939,19.4,Stable,Low (<30%)
1501,55,Male,Research & Development,Healthcare Representative,2,Married,Yes,Travel_Rarely,4035,3,1,3,3,4,No,0.1938,19.4,Stable,Low (<30%)
591,42,Male,Research & Development,Laboratory Technician,1,Married,No,Travel_Frequently,2093,2,2,3,3,2,No,0.1935,19.3,Stable,Low (<30%)
977,58,Male,Research & Development,Research Scientist,1,Single,No,Travel_Rarely,2479,1,0,3,3,4,Yes,0.1933,19.3,Stable,Low (<30%)
709,38,Female,Sales,Sales Executive,2,Single,No,Travel_Rarely,4028,7,0,4,3,4,No,0.192,19.2,Stable,Low (<30%)
1849,43,Male,Sales,Sales Executive,2,Married,No,Travel_Frequently,5675,7,7,4,3,1,No,0.1916,19.2,Stable,Low (<30%)
1623,21,Male,Research & Development,Research Scientist,1,Single,No,Travel_Rarely,3117,2,2,4,3,3,No,0.1916,19.2,Stable,Low (<30%)
888,24,Male,Research & Development,Laboratory Technician,1,Married,No,Non-Travel,3162,5,3,4,2,1,No,0.1915,19.2,Stable,Low (<30%)
1485,34,Male,Research & Development,Research Director,4,Divorced,No,Travel_Frequently,17007,14,6,1,2,2,No,0.191,19.1,Stable,Low (<30%)
1543,37,Male,Research & Development,Research Scientist,2,Married,No,Travel_Rarely,4285,10,3,4,3,1,No,0.1903,19.0,Stable,Low (<30%)
1006,38,Male,Research & Development,Research Scientist,1,Married,No,Travel_Frequently,2684,2,0,3,2,3,No,0.1899,19.0,Stable,Low (<30%)
677,33,Male,Sales,Sales Executive,2,Divorced,No,Travel_Rarely,7104,5,1,3,3,3,No,0.1895,18.9,Stable,Low (<30%)
601,40,Female,Research & Development,Manufacturing Director,4,Single,No,Travel_Rarely,13237,20,5,3,3,2,No,0.1889,18.9,Stable,Low (<30%)
293,27,Female,Sales,Sales Executive,2,Single,No,Travel_Frequently,9981,7,0,3,3,4,No,0.1884,18.8,Stable,Low (<30%)
912,29,Female,Research & Development,Laboratory Technician,1,Divorced,No,Travel_Rarely,2532,4,0,4,3,1,No,0.1878,18.8,Stable,Low (<30%)
624,46,Female,Research & Development,Healthcare Representative,3,Married,No,Travel_Frequently,10527,2,1,3,2,1,No,0.1872,18.7,Stable,Low (<30%)
430,43,Female,Research & Development,Laboratory Technician,1,Single,No,Travel_Frequently,2455,8,1,4,3,3,No,0.1872,18.7,Stable,Low (<30%)
532,56,Female,Sales,Sales Executive,4,Married,No,Travel_Frequently,13212,7,7,1,2,3,No,0.1863,18.6,Stable,Low (<30%)
1852,29,Male,Research & Development,Laboratory Technician,1,Married,No,Travel_Frequently,3812,11,3,4,4,4,No,0.1856,18.6,Stable,Low (<30%)
393,38,Male,Research & Development,Healthcare Representative,2,Divorced,No,Travel_Rarely,5745,2,1,4,3,4,No,0.1856,18.6,Stable,Low (<30%)
531,39,Male,Research & Development,Manager,5,Divorced,Yes,Travel_Frequently,19197,21,1,3,3,2,No,0.1845,18.5,Stable,Low (<30%)
1257,36,Male,Research & Development,Research Scientist,1,Married,No,Travel_Frequently,3692,11,0,2,2,3,No,0.1843,18.4,Stable,Low (<30%)
244,46,Female,Sales,Sales Executive,3,Divorced,No,Travel_Rarely,10453,24,15,1,3,2,No,0.1836,18.4,Stable,Low (<30%)
151,34,Female,Research & Development,Research Scientist,2,Divorced,No,Travel_Rarely,4505,1,0,2,3,3,No,0.1836,18.4,Stable,Low (<30%)
1466,48,Male,Sales,Sales Executive,2,Divorced,No,Travel_Rarely,5486,2,2,1,3,3,No,0.1829,18.3,Stable,Low (<30%)
664,48,Female,Research & Development,Manager,4,Married,No,Travel_Rarely,15402,3,0,1,1,4,No,0.1823,18.2,Stable,Low (<30%)
1062,37,Female,Research & Development,Healthcare Representative,2,Single,No,Travel_Rarely,4107,4,0,2,2,4,No,0.1814,18.1,Stable,Low (<30%)
895,31,Male,Research & Development,Research Scientist,1,Married,Yes,Travel_Rarely,2356,6,0,4,3,4,No,0.181,18.1,Stable,Low (<30%)
406,35,Male,Sales,Sales Executive,3,Married,No,Travel_Rarely,8020,11,6,2,2,3,No,0.1802,18.0,Stable,Low (<30%)
1555,32,Female,Research & Development,Research Scientist,2,Married,No,Travel_Rarely,5878,7,2,2,3,4,No,0.1797,18.0,Stable,Low (<30%)
1936,39,Male,Research & Development,Manufacturing Director,2,Married,No,Travel_Rarely,5151,10,7,1,3,1,No,0.1792,17.9,Stable,Low (<30%)
197,30,Female,Research & Development,Research Scientist,1,Divorced,No,Travel_Rarely,3204,3,2,1,3,4,No,0.1792,17.9,Stable,Low (<30%)
105,35,Male,Research & Development,Research Scientist,1,Single,No,Travel_Rarely,2859,6,0,3,3,2,No,0.1789,17.9,Stable,Low (<30%)
230,38,Female,Sales,Sales Executive,2,Single,No,Travel_Rarely,8686,8,0,4,4,1,No,0.1788,17.9,Stable,Low (<30%)
969,33,Female,Research & Development,Healthcare Representative,2,Single,No,Travel_Rarely,6949,5,1,4,3,2,No,0.1787,17.9,Stable,Low (<30%)
611,29,Male,Research & Development,Manufacturing Director,2,Divorced,No,Travel_Rarely,4262,3,1,4,4,4,No,0.1774,17.7,Stable,Low (<30%)
334,41,Male,Research & Development,Research Scientist,2,Divorced,No,Travel_Rarely,3072,1,0,1,2,3,No,0.1761,17.6,Stable,Low (<30%)
1039,44,Female,Sales,Sales Executive,4,Married,Yes,Travel_Rarely,13320,12,11,4,3,4,No,0.1757,17.6,Stable,Low (<30%)
53,35,Male,Research & Development,Laboratory Technician,1,Divorced,No,Travel_Rarely,1951,1,0,4,3,3,No,0.1753,17.5,Stable,Low (<30%)
1573,38,Male,Research & Development,Manufacturing Director,2,Married,No,Travel_Rarely,4855,5,1,2,3,3,Yes,0.1753,17.5,Stable,Low (<30%)
717,34,Female,Research & Development,Healthcare Representative,3,Single,No,Travel_Rarely,8621,8,7,2,4,4,No,0.1745,17.5,Stable,Low (<30%)
1651,36,Female,Research & Development,Healthcare Representative,3,Married,No,Travel_Rarely,8008,3,0,1,3,2,No,0.1742,17.4,Stable,Low (<30%)
1358,25,Male,Research & Development,Laboratory Technician,1,Married,No,Travel_Rarely,3669,3,1,4,2,4,No,0.174,17.4,Stable,Low (<30%)
204,35,Male,Sales,Sales Executive,3,Married,No,Travel_Rarely,7295,10,0,2,3,3,No,0.1734,17.3,Stable,Low (<30%)
1938,58,Female,Sales,Manager,4,Married,Yes,Travel_Rarely,17875,1,0,4,2,4,No,0.1733,17.3,Stable,Low (<30%)
897,53,Male,Sales,Sales Executive,4,Married,No,Travel_Rarely,11836,2,2,4,3,1,No,0.1717,17.2,Stable,Low (<30%)
1252,31,Female,Research & Development,Healthcare Representative,2,Single,No,Travel_Rarely,6812,10,1,1,3,3,No,0.1715,17.1,Stable,Low (<30%)
476,26,Male,Sales,Sales Executive,2,Married,No,Travel_Rarely,5296,8,7,3,3,3,No,0.1712,17.1,Stable,Low (<30%)
847,34,Male,Human Resources,Human Resources,1,Married,No,Travel_Rarely,3737,3,0,4,1,3,No,0.1712,17.1,Stable,Low (<30%)
52,33,Female,Sales,Sales Executive,2,Married,No,Travel_Frequently,5376,5,1,1,3,3,No,0.1689,16.9,Stable,Low (<30%)
2062,39,Male,Research & Development,Healthcare Representative,3,Married,No,Travel_Rarely,9991,7,1,1,3,4,No,0.1688,16.9,Stable,Low (<30%)
148,54,Female,Human Resources,Manager,4,Single,Yes,Non-Travel,17328,5,4,4,3,4,No,0.1687,16.9,Stable,Low (<30%)
1475,44,Male,Research & Development,Research Scientist,1,Single,No,Travel_Rarely,3420,5,1,2,2,4,No,0.1683,16.8,Stable,Low (<30%)
857,36,Male,Sales,Sales Executive,2,Married,Yes,Travel_Rarely,6201,18,4,4,2,2,No,0.1682,16.8,Stable,Low (<30%)
548,30,Female,Research & Development,Manufacturing Director,2,Single,No,Travel_Rarely,6091,5,0,4,3,3,No,0.1682,16.8,Stable,Low (<30%)
378,37,Male,Sales,Sales Executive,2,Married,No,Travel_Rarely,6502,5,0,4,4,3,No,0.1677,16.8,Stable,Low (<30%)
1803,42,Male,Research & Development,Healthcare Representative,2,Married,No,Travel_Rarely,5538,0,0,1,2,2,No,0.1675,16.8,Stable,Low (<30%)
621,34,Male,Sales,Sales Executive,2,Single,No,Travel_Rarely,5337,10,5,4,3,4,No,0.1674,16.7,Stable,Low (<30%)
1338,56,Male,Human Resources,Manager,5,Single,No,Travel_Rarely,19717,7,7,2,3,4,No,0.1669,16.7,Stable,Low (<30%)
483,40,Female,Research & Development,Laboratory Technician,1,Married,Yes,Travel_Rarely,2213,7,1,3,3,4,No,0.1664,16.6,Stable,Low (<30%)
1681,33,Female,Sales,Sales Executive,2,Divorced,Yes,Non-Travel,5368,6,1,4,3,3,No,0.1659,16.6,Stable,Low (<30%)
712,48,Male,Sales,Sales Executive,2,Married,No,Travel_Rarely,8120,2,2,2,3,2,No,0.1656,16.6,Stable,Low (<30%)
1898,27,Female,Sales,Sales Executive,2,Single,No,Travel_Rarely,6500,8,0,3,2,1,No,0.1648,16.5,Stable,Low (<30%)
1368,18,Female,Research & Development,Laboratory Technician,1,Single,No,Non-Travel,1611,0,0,4,4,4,No,0.1638,16.4,Stable,Low (<30%)
1513,29,Female,Research & Development,Laboratory Technician,1,Married,No,Travel_Frequently,3180,3,0,2,3,4,No,0.1634,16.3,Stable,Low (<30%)
616,41,Female,Research & Development,Healthcare Representative,2,Single,Yes,Non-Travel,6811,8,0,3,3,1,No,0.1633,16.3,Stable,Low (<30%)
1369,35,Female,Research & Development,Laboratory Technician,2,Married,No,Travel_Rarely,5363,9,0,4,3,4,No,0.1621,16.2,Stable,Low (<30%)
1588,39,Male,Sales,Sales Executive,3,Married,No,Travel_Rarely,8237,7,7,3,3,4,No,0.1619,16.2,Stable,Low (<30%)
560,26,Female,Research & Development,Research Scientist,1,Divorced,No,Travel_Rarely,2886,3,0,4,1,1,No,0.1618,16.2,Stable,Low (<30%)
716,50,Male,Research & Development,Laboratory Technician,1,Married,Yes,Travel_Rarely,3221,20,3,3,3,4,No,0.1605,16.1,Stable,Low (<30%)
458,27,Female,Sales,Sales Executive,2,Married,No,Travel_Rarely,6214,8,0,2,3,2,No,0.1604,16.0,Stable,Low (<30%)
312,29,Female,Sales,Sales Executive,3,Married,No,Travel_Frequently,7918,11,4,4,3,2,No,0.16,16.0,Stable,Low (<30%)
1084,30,Male,Research & Development,Manufacturing Director,2,Married,No,Travel_Rarely,9957,6,0,1,2,3,No,0.1599,16.0,Stable,Low (<30%)
335,40,Male,Research & Development,Research Scientist,2,Divorced,No,Travel_Rarely,3319,9,4,4,3,1,No,0.1595,15.9,Stable,Low (<30%)
141,50,Female,Research & Development,Research Director,5,Married,Yes,Travel_Frequently,18172,8,0,2,2,1,No,0.1593,15.9,Stable,Low (<30%)
42,39,Male,Sales,Sales Representative,2,Married,No,Travel_Rarely,2086,1,0,4,4,4,Yes,0.1586,15.9,Stable,Low (<30%)
1829,40,Female,Research & Development,Healthcare Representative,2,Divorced,No,Travel_Rarely,4448,7,7,1,3,2,No,0.158,15.8,Stable,Low (<30%)
1241,30,Male,Research & Development,Research Scientist,1,Married,Yes,Travel_Rarely,3579,11,5,2,3,4,No,0.1574,15.7,Stable,Low (<30%)
1574,32,Male,Research & Development,Research Scientist,2,Married,No,Non-Travel,4087,6,1,1,2,4,No,0.157,15.7,Stable,Low (<30%)
534,41,Male,Sales,Sales Executive,3,Married,No,Travel_Rarely,8392,10,0,1,3,2,No,0.1569,15.7,Stable,Low (<30%)
1293,43,Female,Sales,Sales Executive,3,Single,No,Travel_Rarely,10231,21,15,4,4,4,No,0.1558,15.6,Stable,Low (<30%)
728,47,Male,Sales,Sales Executive,2,Single,No,Travel_Rarely,4960,7,1,1,3,4,No,0.1556,15.6,Stable,Low (<30%)
787,55,Male,Research & Development,Manager,5,Married,Yes,Travel_Rarely,19859,5,1,1,3,4,Yes,0.1554,15.5,Stable,Low (<30%)
346,29,Male,Research & Development,Research Scientist,1,Single,No,Travel_Rarely,2340,6,1,4,3,3,No,0.1552,15.5,Stable,Low (<30%)
1137,35,Male,Sales,Sales Executive,2,Divorced,No,Travel_Frequently,4968,5,0,4,3,4,No,0.155,15.5,Stable,Low (<30%)
515,37,Female,Research & Development,Laboratory Technician,1,Divorced,No,Travel_Rarely,3034,18,12,1,2,4,No,0.1548,15.5,Stable,Low (<30%)
733,27,Male,Research & Development,Manufacturing Director,3,Divorced,No,Travel_Frequently,8793,9,1,1,2,4,No,0.1544,15.4,Stable,Low (<30%)
1949,36,Male,Research & Development,Laboratory Technician,1,Married,No,Non-Travel,2810,5,0,2,3,1,No,0.1542,15.4,Stable,Low (<30%)
1812,39,Male,Sales,Sales Executive,2,Divorced,No,Travel_Frequently,4127,2,2,4,3,3,No,0.1537,15.4,Stable,Low (<30%)
1152,38,Male,Human Resources,Human Resources,1,Married,No,Travel_Rarely,2844,7,5,3,4,3,No,0.153,15.3,Stable,Low (<30%)
273,38,Male,Research & Development,Manufacturing Director,2,Married,No,Travel_Rarely,6261,7,1,4,1,4,No,0.1528,15.3,Stable,Low (<30%)
1969,54,Female,Research & Development,Research Scientist,2,Married,No,Travel_Rarely,2897,4,2,3,2,1,No,0.1526,15.3,Stable,Low (<30%)
1619,27,Male,Research & Development,Laboratory Technician,1,Divorced,No,Travel_Rarely,4066,7,0,1,3,4,No,0.1521,15.2,Stable,Low (<30%)
102,37,Male,Research & Development,Research Director,3,Single,No,Travel_Rarely,13664,5,0,3,4,1,No,0.1521,15.2,Stable,Low (<30%)
300,29,Male,Research & Development,Research Scientist,1,Single,No,Travel_Rarely,2058,6,1,3,2,3,Yes,0.1517,15.2,Stable,Low (<30%)
615,40,Male,Sales,Sales Executive,3,Divorced,No,Non-Travel,10932,1,0,1,3,3,No,0.1512,15.1,Stable,Low (<30%)
1721,31,Male,Research & Development,Laboratory Technician,1,Married,No,Travel_Rarely,3477,5,0,3,4,2,No,0.1508,15.1,Stable,Low (<30%)
1184,34,Male,Research & Development,Healthcare Representative,2,Single,No,Travel_Frequently,5343,13,4,1,3,4,No,0.1506,15.1,Stable,Low (<30%)
966,32,Female,Research & Development,Manufacturing Director,2,Married,No,Travel_Rarely,6725,8,6,1,4,3,No,0.1498,15.0,Stable,Low (<30%)
247,34,Female,Research & Development,Research Scientist,1,Single,No,Travel_Rarely,2311,3,1,2,3,4,No,0.1497,15.0,Stable,Low (<30%)
1847,36,Female,Research & Development,Research Scientist,2,Married,Yes,Travel_Rarely,6962,1,0,2,3,4,No,0.1492,14.9,Stable,Low (<30%)
239,30,Male,Research & Development,Laboratory Technician,2,Divorced,No,Non-Travel,3072,12,6,1,3,3,No,0.1491,14.9,Stable,Low (<30%)
1937,38,Female,Research & Development,Research Scientist,2,Divorced,Yes,Travel_Frequently,2133,20,0,2,3,4,No,0.1481,14.8,Stable,Low (<30%)
2024,36,Female,Sales,Sales Executive,3,Married,No,Travel_Rarely,7644,9,3,4,3,1,No,0.148,14.8,Stable,Low (<30%)
1951,34,Male,Sales,Sales Executive,3,Divorced,No,Travel_Rarely,8628,8,1,3,2,4,No,0.1469,14.7,Stable,Low (<30%)
1317,50,Female,Research & Development,Research Director,4,Married,Yes,Travel_Rarely,16880,3,1,1,3,4,No,0.1452,14.5,Stable,Low (<30%)
714,27,Female,Sales,Sales Executive,2,Divorced,Yes,Travel_Frequently,4647,6,0,4,3,4,No,0.1441,14.4,Stable,Low (<30%)
129,28,Male,Sales,Sales Executive,2,Married,No,Non-Travel,4221,5,0,3,4,2,No,0.1436,14.4,Stable,Low (<30%)
1206,44,Male,Research & Development,Research Scientist,1,Single,No,Non-Travel,2290,0,0,3,3,4,No,0.1432,14.3,Stable,Low (<30%)
372,45,Male,Research & Development,Healthcare Representative,4,Married,Yes,Travel_Rarely,13496,20,4,4,3,3,No,0.1415,14.1,Stable,Low (<30%)
1798,33,Male,Research & Development,Research Scientist,1,Married,No,Travel_Rarely,3143,10,7,1,3,4,No,0.141,14.1,Stable,Low (<30%)
241,56,Female,Research & Development,Research Scientist,1,Divorced,Yes,Travel_Rarely,4257,2,2,1,3,3,No,0.1407,14.1,Stable,Low (<30%)
707,25,Male,Sales,Sales Executive,2,Married,No,Travel_Rarely,4851,3,1,2,3,4,No,0.1405,14.1,Stable,Low (<30%)
704,35,Male,Research & Development,Laboratory Technician,1,Married,No,Non-Travel,1281,1,0,3,3,3,No,0.1395,14.0,Stable,Low (<30%)
1631,37,Male,Research & Development,Manufacturing Director,2,Married,No,Travel_Rarely,5768,4,0,3,2,3,No,0.1392,13.9,Stable,Low (<30%)
1965,27,Male,Sales,Sales Executive,2,Single,No,Travel_Rarely,4105,7,0,4,3,4,No,0.1391,13.9,Stable,Low (<30%)
497,27,Male,Research & Development,Laboratory Technician,1,Divorced,No,Travel_Rarely,3816,5,0,2,3,4,No,0.1383,13.8,Stable,Low (<30%)
1948,31,Male,Research & Development,Research Scientist,1,Divorced,Yes,Non-Travel,3065,4,2,1,4,3,No,0.1382,13.8,Stable,Low (<30%)
227,41,Male,Research & Development,Research Scientist,1,Divorced,No,Travel_Rarely,2451,9,1,3,3,1,No,0.1372,13.7,Stable,Low (<30%)
452,45,Male,Research & Development,Research Scientist,2,Married,No,Travel_Rarely,3697,10,9,4,3,4,No,0.1364,13.6,Stable,Low (<30%)
1800,39,Male,Research & Development,Research Director,3,Single,No,Travel_Rarely,13464,4,2,3,3,3,No,0.1363,13.6,Stable,Low (<30%)
516,40,Female,Sales,Sales Executive,2,Divorced,No,Travel_Rarely,5715,5,1,2,3,4,No,0.1363,13.6,Stable,Low (<30%)
865,32,Female,Research & Development,Research Scientist,2,Married,No,Travel_Rarely,5175,5,1,3,2,3,No,0.1361,13.6,Stable,Low (<30%)
387,42,Male,Sales,Sales Executive,2,Married,No,Travel_Rarely,4907,20,11,3,3,2,No,0.1356,13.6,Stable,Low (<30%)
202,40,Female,Research & Development,Research Scientist,2,Divorced,No,Travel_Frequently,5605,20,2,2,3,2,No,0.1355,13.6,Stable,Low (<30%)
384,26,Female,Research & Development,Manufacturing Director,2,Divorced,No,Travel_Frequently,6397,6,1,2,1,3,No,0.1353,13.5,Stable,Low (<30%)
1628,40,Female,Research & Development,Manufacturing Director,3,Married,No,Travel_Rarely,10435,18,14,3,3,1,No,0.1351,13.5,Stable,Low (<30%)
164,26,Female,Research & Development,Research Scientist,1,Married,No,Travel_Rarely,2368,5,4,2,2,3,No,0.134,13.4,Stable,Low (<30%)
499,49,Male,Research & Development,Healthcare Representative,3,Single,No,Travel_Rarely,10965,5,0,3,3,2,No,0.1332,13.3,Stable,Low (<30%)
1068,26,Female,Research & Development,Research Scientist,1,Divorced,No,Travel_Frequently,2007,5,1,3,3,1,No,0.1322,13.2,Stable,Low (<30%)
242,33,Male,Research & Development,Research Scientist,1,Single,No,Travel_Rarely,2500,3,0,4,4,3,No,0.1316,13.2,Stable,Low (<30%)
1582,38,Male,Sales,Sales Executive,2,Married,No,Travel_Rarely,9924,9,7,2,3,3,No,0.1305,13.1,Stable,Low (<30%)
1962,35,Female,Sales,Sales Executive,2,Married,Yes,Travel_Rarely,5204,10,0,4,3,3,No,0.1303,13.0,Stable,Low (<30%)
126,54,Female,Research & Development,Research Director,3,Married,No,Travel_Rarely,13549,4,0,3,1,1,No,0.13,13.0,Stable,Low (<30%)
1308,58,Male,Research & Development,Research Scientist,1,Divorced,No,Travel_Rarely,2372,2,2,3,3,1,No,0.1294,12.9,Stable,Low (<30%)
338,33,Female,Research & Development,Research Scientist,1,Married,No,Travel_Rarely,2911,2,0,4,2,3,No,0.1287,12.9,Stable,Low (<30%)
341,45,Male,Research & Development,Manufacturing Director,2,Married,No,Travel_Frequently,6434,3,0,3,3,1,No,0.128,12.8,Stable,Low (<30%)
159,30,Male,Research & Development,Research Scientist,1,Divorced,No,Travel_Frequently,2613,10,0,3,2,1,No,0.1278,12.8,Stable,Low (<30%)
271,38,Male,Research & Development,Manufacturing Director,2,Married,No,Travel_Rarely,6553,1,0,3,3,4,No,0.1278,12.8,Stable,Low (<30%)
715,37,Male,Research & Development,Research Scientist,1,Single,No,Travel_Rarely,4680,1,0,4,3,4,No,0.1276,12.8,Stable,Low (<30%)
623,37,Female,Research & Development,Manufacturing Director,3,Single,No,Travel_Rarely,7491,6,1,4,4,2,No,0.1267,12.7,Stable,Low (<30%)
469,29,Male,Sales,Sales Executive,2,Married,No,Non-Travel,4649,4,0,3,2,4,No,0.1261,12.6,Stable,Low (<30%)
567,30,Female,Sales,Sales Executive,3,Married,No,Non-Travel,8412,9,7,1,3,3,No,0.1257,12.6,Stable,Low (<30%)
1417,26,Male,Research & Development,Laboratory Technician,1,Single,No,Travel_Rarely,3578,7,0,1,3,3,No,0.1257,12.6,Stable,Low (<30%)
1231,42,Male,Human Resources,Human Resources,2,Married,No,Non-Travel,6272,4,0,1,4,4,No,0.1254,12.5,Stable,Low (<30%)
958,36,Male,Research & Development,Laboratory Technician,1,Single,No,Travel_Rarely,2519,11,3,3,3,3,No,0.1253,12.5,Stable,Low (<30%)
264,45,Male,Research & Development,Manager,4,Married,No,Non-Travel,16792,20,11,4,3,1,No,0.1252,12.5,Stable,Low (<30%)
855,33,Male,Sales,Sales Executive,2,Divorced,No,Travel_Rarely,4037,9,0,1,3,1,No,0.1252,12.5,Stable,Low (<30%)
1756,33,Female,Sales,Sales Executive,2,Single,No,Non-Travel,5147,11,1,2,2,4,No,0.1249,12.5,Stable,Low (<30%)
211,51,Male,Research & Development,Manufacturing Director,2,Married,No,Travel_Rarely,6132,1,0,3,3,2,No,0.123,12.3,Stable,Low (<30%)
340,37,Female,Research & Development,Research Scientist,1,Married,No,Travel_Rarely,3920,3,0,1,2,3,No,0.1224,12.2,Stable,Low (<30%)
1918,26,Male,Research & Development,Laboratory Technician,1,Married,No,Travel_Frequently,2544,7,7,4,3,3,No,0.1222,12.2,Stable,Low (<30%)
902,43,Female,Research & Development,Healthcare Representative,2,Married,No,Travel_Frequently,5562,5,2,4,2,4,No,0.1217,12.2,Stable,Low (<30%)
332,39,Female,Research & Development,Laboratory Technician,1,Divorced,No,Travel_Rarely,2232,3,1,3,3,3,No,0.1216,12.2,Stable,Low (<30%)
524,31,Female,Research & Development,Manufacturing Director,2,Married,No,Travel_Rarely,4306,13,3,1,1,2,No,0.121,12.1,Stable,Low (<30%)
374,55,Male,Research & Development,Manager,5,Single,Yes,Travel_Rarely,19045,36,4,1,3,4,No,0.1209,12.1,Stable,Low (<30%)
1892,40,Male,Research & Development,Manager,4,Divorced,No,Travel_Rarely,16823,19,11,1,3,1,No,0.1209,12.1,Stable,Low (<30%)
1027,27,Female,Research & Development,Manufacturing Director,2,Married,No,Travel_Rarely,4227,3,2,4,3,1,No,0.1208,12.1,Stable,Low (<30%)
1254,59,Female,Sales,Sales Executive,2,Single,No,Travel_Rarely,5171,6,0,4,3,3,No,0.1202,12.0,Stable,Low (<30%)
1221,36,Male,Research & Development,Laboratory Technician,1,Divorced,No,Travel_Rarely,2741,7,1,3,3,3,No,0.1201,12.0,Stable,Low (<30%)
1516,32,Male,Research & Development,Manager,3,Single,No,Travel_Rarely,11244,5,0,4,4,3,No,0.12,12.0,Stable,Low (<30%)
143,25,Male,Research & Development,Research Scientist,1,Married,No,Travel_Rarely,2889,2,2,4,3,4,No,0.1197,12.0,Stable,Low (<30%)
844,27,Male,Research & Development,Research Director,3,Divorced,Yes,Travel_Rarely,12808,9,0,4,3,3,No,0.1197,12.0,Stable,Low (<30%)
2036,36,Male,Sales,Sales Executive,2,Divorced,No,Non-Travel,5406,15,11,4,2,4,No,0.1187,11.9,Stable,Low (<30%)
2048,40,Male,Research & Development,Research Scientist,1,Single,No,Travel_Rarely,2809,2,2,3,3,3,No,0.1184,11.8,Stable,Low (<30%)
1473,49,Male,Research & Development,Healthcare Representative,2,Married,No,Travel_Rarely,6651,3,1,3,2,1,No,0.1183,11.8,Stable,Low (<30%)
63,35,Male,Research & Development,Laboratory Technician,1,Married,No,Travel_Rarely,2269,1,0,4,3,4,No,0.1183,11.8,Stable,Low (<30%)
1866,43,Female,Research & Development,Manager,5,Married,No,Travel_Rarely,19392,16,6,3,3,1,No,0.1178,11.8,Stable,Low (<30%)
1687,38,Female,Research & Development,Laboratory Technician,1,Married,No,Travel_Rarely,3306,0,0,3,2,4,No,0.1171,11.7,Stable,Low (<30%)
1638,38,Female,Research & Development,Manufacturing Director,3,Married,Yes,Travel_Rarely,7756,5,0,3,4,4,No,0.117,11.7,Stable,Low (<30%)
1755,34,Male,Research & Development,Research Scientist,1,Married,Yes,Travel_Rarely,2932,5,1,4,3,4,No,0.117,11.7,Stable,Low (<30%)
154,36,Female,Sales,Sales Executive,3,Married,No,Travel_Frequently,9738,9,2,4,3,2,No,0.1167,11.7,Stable,Low (<30%)
1060,38,Male,Research & Development,Research Scientist,1,Married,No,Travel_Frequently,2821,2,2,3,3,3,No,0.1167,11.7,Stable,Low (<30%)
1854,42,Male,Research & Development,Research Scientist,1,Married,No,Non-Travel,2936,6,3,3,2,3,No,0.1162,11.6,Stable,Low (<30%)
1729,30,Male,Research & Development,Research Scientist,1,Married,No,Travel_Rarely,2862,10,0,4,2,2,No,0.1162,11.6,Stable,Low (<30%)
1986,40,Female,Sales,Sales Executive,2,Married,No,Travel_Rarely,5677,11,5,2,3,2,No,0.1154,11.5,Stable,Low (<30%)
1982,23,Male,Research & Development,Laboratory Technician,1,Single,No,Travel_Rarely,2647,5,1,4,4,4,No,0.1138,11.4,Stable,Low (<30%)
450,54,Female,Research & Development,Research Scientist,2,Single,No,Travel_Frequently,4869,4,0,3,2,4,No,0.1136,11.4,Stable,Low (<30%)
1871,39,Male,Research & Development,Research Scientist,2,Divorced,No,Travel_Rarely,3902,2,2,4,3,4,No,0.1135,11.3,Stable,Low (<30%)
1074,55,Male,Research & Development,Manager,4,Single,No,Non-Travel,16756,9,6,1,4,3,No,0.1133,11.3,Stable,Low (<30%)
165,58,Female,Research & Development,Healthcare Representative,3,Married,No,Travel_Rarely,10312,40,15,4,2,4,Yes,0.1128,11.3,Stable,Low (<30%)
1471,44,Male,Research & Development,Laboratory Technician,1,Single,No,Non-Travel,3162,5,0,3,3,3,No,0.1122,11.2,Stable,Low (<30%)
1745,30,Female,Research & Development,Research Scientist,1,Single,No,Travel_Frequently,4968,9,0,1,3,4,No,0.1122,11.2,Stable,Low (<30%)
218,27,Male,Research & Development,Research Scientist,1,Divorced,No,Non-Travel,2024,2,2,2,1,4,No,0.1119,11.2,Stable,Low (<30%)
985,39,Male,Sales,Sales Executive,3,Single,No,Travel_Rarely,7880,8,0,3,3,1,No,0.1118,11.2,Stable,Low (<30%)
162,51,Male,Research & Development,Research Director,5,Single,No,Travel_Rarely,19537,20,15,3,3,1,No,0.1113,11.1,Stable,Low (<30%)
101,45,Male,Research & Development,Research Director,3,Married,Yes,Travel_Rarely,13245,0,0,1,4,4,No,0.111,11.1,Stable,Low (<30%)
1482,30,Male,Research & Development,Research Scientist,1,Divorced,No,Non-Travel,1274,1,0,3,2,3,No,0.111,11.1,Stable,Low (<30%)
1367,51,Female,Research & Development,Manufacturing Director,4,Single,No,Travel_Rarely,13142,5,0,2,2,4,No,0.1104,11.0,Stable,Low (<30%)
1265,34,Female,Research & Development,Research Scientist,1,Married,No,Travel_Rarely,2585,1,0,3,2,3,No,0.1104,11.0,Stable,Low (<30%)
1346,40,Male,Research & Development,Research Scientist,2,Single,No,Travel_Rarely,4661,9,8,4,3,3,No,0.1098,11.0,Stable,Low (<30%)
1737,39,Male,Research & Development,Laboratory Technician,2,Married,Yes,Non-Travel,6472,9,5,4,3,4,No,0.1094,10.9,Stable,Low (<30%)
742,36,Female,Research & Development,Research Director,3,Married,No,Non-Travel,11713,8,0,1,3,1,No,0.1094,10.9,Stable,Low (<30%)
1352,51,Male,Human Resources,Manager,4,Divorced,Yes,Travel_Rarely,14026,33,0,2,3,3,No,0.1093,10.9,Stable,Low (<30%)
722,32,Male,Sales,Sales Executive,2,Single,No,Travel_Rarely,5396,10,0,4,2,4,No,0.1092,10.9,Stable,Low (<30%)
420,32,Male,Sales,Sales Executive,2,Married,No,Travel_Rarely,5484,13,4,3,2,4,No,0.1092,10.9,Stable,Low (<30%)
1015,30,Female,Research & Development,Research Director,3,Married,Yes,Travel_Rarely,11416,8,1,1,2,2,No,0.1088,10.9,Stable,Low (<30%)
1268,33,Male,Sales,Sales Executive,3,Divorced,Yes,Travel_Rarely,8380,9,0,3,3,4,No,0.1087,10.9,Stable,Low (<30%)
930,28,Female,Research & Development,Research Scientist,1,Divorced,No,Travel_Rarely,2377,2,2,3,3,3,No,0.1086,10.9,Stable,Low (<30%)
1786,51,Female,Research & Development,Manager,3,Married,No,Travel_Rarely,13116,2,2,3,3,1,No,0.1083,10.8,Stable,Low (<30%)
1794,37,Male,Human Resources,Human Resources,2,Divorced,No,Travel_Rarely,4071,10,4,2,2,3,No,0.108,10.8,Stable,Low (<30%)
1873,55,Male,Research & Development,Research Scientist,1,Married,No,Travel_Rarely,2662,5,0,4,4,2,No,0.1079,10.8,Stable,Low (<30%)
1166,40,Female,Research & Development,Research Director,3,Single,No,Travel_Frequently,13499,18,2,3,2,2,No,0.1063,10.6,Stable,Low (<30%)
543,52,Male,Research & Development,Manufacturing Director,3,Married,Yes,Travel_Rarely,7969,5,0,3,3,4,No,0.1053,10.5,Stable,Low (<30%)
468,42,Female,Research & Development,Research Director,4,Single,No,Travel_Rarely,15992,1,0,4,3,1,No,0.1052,10.5,Stable,Low (<30%)
2041,38,Female,Sales,Sales Executive,2,Married,No,Travel_Rarely,5343,10,1,4,3,1,No,0.1042,10.4,Stable,Low (<30%)
410,41,Male,Sales,Manager,4,Single,No,Travel_Rarely,16015,22,0,2,3,4,No,0.103,10.3,Stable,Low (<30%)
924,36,Male,Research & Development,Healthcare Representative,2,Married,Yes,Travel_Rarely,6586,16,4,4,2,3,No,0.1024,10.2,Stable,Low (<30%)
1099,33,Male,Research & Development,Healthcare Representative,3,Divorced,No,Travel_Rarely,7119,3,1,4,3,4,No,0.1022,10.2,Stable,Low (<30%)
412,28,Male,Research & Development,Healthcare Representative,2,Single,No,Travel_Rarely,5661,8,0,1,3,2,No,0.1019,10.2,Stable,Low (<30%)
597,55,Female,Sales,Manager,4,Single,No,Travel_Rarely,16835,10,7,2,3,1,No,0.1015,10.2,Stable,Low (<30%)
2,49,Male,Research & Development,Research Scientist,2,Married,No,Travel_Frequently,5130,10,1,2,3,3,No,0.1012,10.1,Stable,Low (<30%)
1757,49,Female,Sales,Sales Executive,2,Single,No,Travel_Rarely,4507,5,0,4,4,4,No,0.101,10.1,Stable,Low (<30%)
287,40,Male,Research & Development,Healthcare Representative,2,Married,No,Non-Travel,4876,3,0,4,1,4,No,0.0999,10.0,Stable,Low (<30%)
465,23,Male,Research & Development,Research Scientist,1,Divorced,No,Travel_Rarely,2904,4,0,4,2,3,No,0.0997,10.0,Stable,Low (<30%)
940,58,Female,Research & Development,Healthcare Representative,3,Divorced,Yes,Travel_Rarely,10552,6,0,2,3,3,No,0.0996,10.0,Stable,Low (<30%)
1947,28,Male,Research & Development,Research Scientist,1,Single,No,Non-Travel,2144,5,1,3,2,3,No,0.0991,9.9,Stable,Low (<30%)
217,22,Male,Research & Development,Research Scientist,1,Married,No,Travel_Rarely,2323,2,2,4,3,3,No,0.099,9.9,Stable,Low (<30%)
350,25,Female,Research & Development,Manufacturing Director,2,Married,No,Travel_Rarely,4898,4,1,3,3,1,No,0.0986,9.9,Stable,Low (<30%)
1478,34,Male,Sales,Sales Executive,2,Single,No,Travel_Rarely,4759,13,3,1,3,4,No,0.0985,9.9,Stable,Low (<30%)
1751,27,Female,Research & Development,Research Scientist,1,Single,No,Travel_Rarely,3445,6,1,4,2,3,No,0.0984,9.8,Stable,Low (<30%)
491,50,Male,Research & Development,Healthcare Representative,3,Single,No,Travel_Rarely,10496,4,1,4,3,4,No,0.0982,9.8,Stable,Low (<30%)
153,34,Female,Research & Development,Manager,3,Single,No,Travel_Rarely,11631,11,5,1,3,3,No,0.098,9.8,Stable,Low (<30%)
1544,29,Female,Research & Development,Healthcare Representative,2,Married,No,Travel_Rarely,9715,7,0,1,3,3,No,0.0977,9.8,Stable,Low (<30%)
1182,35,Male,Research & Development,Manufacturing Director,3,Divorced,No,Travel_Rarely,10274,7,6,2,4,3,No,0.0972,9.7,Stable,Low (<30%)
1497,29,Male,Sales,Sales Executive,2,Divorced,No,Travel_Rarely,8620,10,0,3,3,3,No,0.0971,9.7,Stable,Low (<30%)
1592,23,Male,Research & Development,Research Scientist,1,Married,No,Travel_Rarely,2073,2,2,3,3,4,No,0.0969,9.7,Stable,Low (<30%)
1677,49,Male,Research & Development,Manager,4,Single,No,Travel_Rarely,15379,8,0,3,3,3,No,0.0966,9.7,Stable,Low (<30%)
1024,48,Male,Research & Development,Healthcare Representative,3,Single,No,Travel_Rarely,10999,15,4,3,3,3,No,0.0963,9.6,Stable,Low (<30%)
2035,34,Female,Sales,Sales Executive,2,Married,No,Travel_Rarely,6712,8,1,3,3,4,No,0.0962,9.6,Stable,Low (<30%)
526,43,Female,Research & Development,Healthcare Representative,2,Divorced,Yes,Travel_Rarely,4522,5,0,3,3,3,No,0.0961,9.6,Stable,Low (<30%)
58,41,Female,Research & Development,Research Director,5,Married,No,Travel_Rarely,19545,22,15,3,3,2,Yes,0.0959,9.6,Stable,Low (<30%)
880,35,Female,Research & Development,Manufacturing Director,3,Married,Yes,Travel_Rarely,10685,17,5,3,3,4,No,0.0953,9.5,Stable,Low (<30%)
631,32,Male,Sales,Sales Executive,2,Married,No,Non-Travel,4707,4,1,3,3,4,Yes,0.0952,9.5,Stable,Low (<30%)
769,53,Male,Research & Development,Laboratory Technician,2,Single,No,Travel_Rarely,2450,2,2,4,3,4,No,0.095,9.5,Stable,Low (<30%)
1374,34,Female,Research & Development,Research Scientist,1,Divorced,No,Non-Travel,2029,5,0,3,3,1,No,0.0949,9.5,Stable,Low (<30%)
909,39,Female,Human Resources,Human Resources,2,Married,No,Travel_Rarely,5204,5,0,4,3,4,No,0.0949,9.5,Stable,Low (<30%)
327,43,Female,Sales,Manager,4,Married,Yes,Travel_Rarely,16064,17,1,4,3,4,No,0.0943,9.4,Stable,Low (<30%)
1689,53,Male,Research & Development,Healthcare Representative,3,Married,No,Travel_Rarely,7005,4,1,4,3,2,No,0.0938,9.4,Stable,Low (<30%)
1038,52,Female,Sales,Manager,5,Married,No,Travel_Rarely,19845,32,6,4,3,1,Yes,0.0938,9.4,Stable,Low (<30%)
1703,44,Female,Research & Development,Healthcare Representative,3,Married,Yes,Travel_Rarely,7879,8,6,4,3,3,No,0.0928,9.3,Stable,Low (<30%)
762,56,Male,Research & Development,Healthcare Representative,4,Married,No,Travel_Rarely,11103,10,1,4,2,3,No,0.0927,9.3,Stable,Low (<30%)
2065,49,Male,Sales,Sales Executive,2,Married,No,Travel_Frequently,5390,9,0,2,2,4,No,0.0927,9.3,Stable,Low (<30%)
2007,22,Male,Research & Development,Research Scientist,1,Single,No,Travel_Rarely,3375,3,1,3,4,4,No,0.0922,9.2,Stable,Low (<30%)
1618,39,Male,Research & Development,Manufacturing Director,2,Married,No,Travel_Rarely,5377,7,7,1,3,2,No,0.0917,9.2,Stable,Low (<30%)
2057,31,Male,Research & Development,Manufacturing Director,2,Single,No,Non-Travel,9936,9,1,1,3,2,No,0.0916,9.2,Stable,Low (<30%)
2034,41,Female,Research & Development,Manufacturing Director,4,Married,No,Travel_Rarely,13570,20,0,2,3,1,No,0.0916,9.2,Stable,Low (<30%)
471,32,Female,Research & Development,Laboratory Technician,1,Married,No,Travel_Rarely,2370,8,0,2,3,3,No,0.0914,9.1,Stable,Low (<30%)
887,49,Female,Research & Development,Research Scientist,1,Married,No,Travel_Rarely,3580,4,0,1,3,3,No,0.0906,9.1,Stable,Low (<30%)
544,45,Male,Research & Development,Research Scientist,1,Married,No,Travel_Rarely,2654,2,0,4,2,1,No,0.0901,9.0,Stable,Low (<30%)
1499,30,Male,Human Resources,Human Resources,1,Divorced,No,Travel_Rarely,2064,5,1,3,4,3,No,0.0901,9.0,Stable,Low (<30%)
820,47,Female,Research & Development,Manager,4,Married,Yes,Travel_Rarely,16752,26,3,4,2,3,No,0.0896,9.0,Stable,Low (<30%)
562,30,Male,Research & Development,Laboratory Technician,1,Married,No,Non-Travel,2097,5,1,4,1,3,No,0.0891,8.9,Stable,Low (<30%)
1124,46,Male,Sales,Manager,4,Married,No,Travel_Rarely,17465,12,4,3,3,1,No,0.0889,8.9,Stable,Low (<30%)
655,27,Female,Research & Development,Research Scientist,1,Divorced,No,Travel_Rarely,2187,5,0,3,2,1,No,0.0881,8.8,Stable,Low (<30%)
1834,28,Female,Research & Development,Research Scientist,1,Married,No,Travel_Rarely,3591,3,1,1,3,3,No,0.0878,8.8,Stable,Low (<30%)
1971,43,Male,Research & Development,Healthcare Representative,3,Married,No,Travel_Rarely,7510,10,0,3,3,1,No,0.0874,8.7,Stable,Low (<30%)
160,33,Male,Sales,Sales Executive,2,Married,No,Non-Travel,6146,7,0,2,4,3,No,0.0872,8.7,Stable,Low (<30%)
1431,34,Male,Research & Development,Research Scientist,1,Divorced,No,Travel_Frequently,2996,4,1,1,3,4,No,0.0869,8.7,Stable,Low (<30%)
106,55,Male,Sales,Sales Executive,3,Married,No,Travel_Rarely,10239,1,1,4,3,1,No,0.0866,8.7,Stable,Low (<30%)
1764,32,Male,Research & Development,Research Scientist,1,Single,No,Non-Travel,2718,7,0,2,3,2,No,0.0858,8.6,Stable,Low (<30%)
1349,41,Female,Sales,Sales Executive,2,Divorced,No,Travel_Frequently,4103,9,1,1,3,3,No,0.0858,8.6,Stable,Low (<30%)
734,41,Male,Human Resources,Manager,5,Married,No,Travel_Rarely,19189,22,2,3,3,4,No,0.0853,8.5,Stable,Low (<30%)
1225,44,Male,Research & Development,Research Scientist,2,Single,No,Travel_Rarely,4541,20,13,4,3,4,No,0.0848,8.5,Stable,Low (<30%)
1823,34,Male,Sales,Sales Executive,2,Married,No,Travel_Rarely,6799,10,4,3,3,2,No,0.0841,8.4,Stable,Low (<30%)
107,38,Female,Research & Development,Research Scientist,2,Divorced,Yes,Non-Travel,5329,13,1,4,3,2,No,0.0841,8.4,Stable,Low (<30%)
1270,23,Male,Research & Development,Research Scientist,1,Married,No,Travel_Rarely,1223,1,0,3,3,4,No,0.084,8.4,Stable,Low (<30%)
1009,24,Female,Research & Development,Manufacturing Director,2,Divorced,No,Travel_Rarely,4377,4,3,3,3,4,No,0.0836,8.4,Stable,Low (<30%)
972,45,Male,Research & Development,Laboratory Technician,2,Married,No,Non-Travel,4447,9,0,2,2,3,No,0.0832,8.3,Stable,Low (<30%)
170,49,Female,Research & Development,Manufacturing Director,2,Married,No,Travel_Rarely,6567,15,5,1,2,3,No,0.0828,8.3,Stable,Low (<30%)
501,36,Female,Research & Development,Research Scientist,1,Married,No,Travel_Rarely,2543,2,2,3,3,4,No,0.0824,8.2,Stable,Low (<30%)
1782,38,Female,Research & Development,Laboratory Technician,1,Married,No,Travel_Rarely,3702,5,0,3,3,4,No,0.0819,8.2,Stable,Low (<30%)
1989,30,Male,Research & Development,Laboratory Technician,1,Married,No,Travel_Rarely,3748,12,1,2,2,4,No,0.0818,8.2,Stable,Low (<30%)
112,56,Male,Research & Development,Manufacturing Director,3,Single,No,Travel_Rarely,7260,6,0,4,2,4,No,0.0817,8.2,Stable,Low (<30%)
1109,42,Male,Research & Development,Manager,4,Married,No,Travel_Rarely,17665,22,13,1,3,4,No,0.0816,8.2,Stable,Low (<30%)
571,30,Female,Research & Development,Laboratory Technician,1,Single,No,Non-Travel,2564,11,6,4,2,3,No,0.0816,8.2,Stable,Low (<30%)
945,48,Male,Research & Development,Research Scientist,1,Married,No,Travel_Rarely,2259,0,0,3,2,4,No,0.0813,8.1,Stable,Low (<30%)
479,36,Female,Sales,Sales Executive,2,Single,No,Non-Travel,6653,1,0,4,3,4,No,0.0813,8.1,Stable,Low (<30%)
840,49,Female,Sales,Sales Executive,3,Married,No,Travel_Rarely,7654,9,7,4,4,3,Yes,0.0812,8.1,Stable,Low (<30%)
1602,46,Male,Sales,Manager,4,Single,No,Travel_Rarely,17567,26,0,1,1,4,No,0.0812,8.1,Stable,Low (<30%)
177,26,Female,Human Resources,Human Resources,1,Married,No,Travel_Rarely,2942,8,5,3,3,3,No,0.0811,8.1,Stable,Low (<30%)
869,28,Male,Human Resources,Human Resources,1,Divorced,No,Travel_Rarely,4936,5,0,4,3,2,No,0.0807,8.1,Stable,Low (<30%)
1976,42,Male,Research & Development,Research Scientist,2,Single,No,Non-Travel,4332,20,3,3,3,4,No,0.0805,8.1,Stable,Low (<30%)
2052,35,Female,Research & Development,Research Scientist,1,Married,No,Travel_Rarely,2977,4,1,4,3,3,No,0.0804,8.0,Stable,Low (<30%)
776,52,Male,Sales,Manager,4,Married,No,Travel_Rarely,16856,34,1,1,4,3,No,0.0802,8.0,Stable,Low (<30%)
1590,29,Male,Research & Development,Healthcare Representative,2,Divorced,No,Travel_Frequently,8853,6,1,4,4,1,No,0.0801,8.0,Stable,Low (<30%)
942,35,Female,Research & Development,Healthcare Representative,2,Married,Yes,Travel_Rarely,4014,10,0,4,1,4,No,0.0801,8.0,Stable,Low (<30%)
725,27,Female,Research & Development,Manufacturing Director,3,Married,No,Travel_Rarely,7412,9,0,1,3,3,No,0.0801,8.0,Stable,Low (<30%)
349,29,Male,Sales,Sales Executive,2,Divorced,No,Travel_Rarely,6931,3,0,4,3,4,No,0.0794,7.9,Stable,Low (<30%)
1903,44,Male,Research & Development,Healthcare Representative,2,Married,No,Travel_Rarely,5033,2,2,1,3,2,No,0.0794,7.9,Stable,Low (<30%)
1775,53,Female,Research & Development,Manufacturing Director,4,Married,Yes,Non-Travel,12965,3,0,3,2,1,No,0.0787,7.9,Stable,Low (<30%)
1143,29,Female,Research & Development,Research Scientist,1,Divorced,No,Travel_Frequently,3291,7,1,2,2,4,No,0.0785,7.8,Stable,Low (<30%)
1523,44,Male,Research & Development,Research Director,4,Married,No,Travel_Rarely,16328,20,14,1,4,4,No,0.0784,7.8,Stable,Low (<30%)
1177,26,Male,Research & Development,Laboratory Technician,1,Married,No,Travel_Rarely,4420,8,0,4,3,1,No,0.0783,7.8,Stable,Low (<30%)
1233,60,Male,Sales,Sales Executive,2,Divorced,Yes,Travel_Rarely,5220,11,1,4,3,2,No,0.0782,7.8,Stable,Low (<30%)
1858,28,Male,Human Resources,Human Resources,1,Divorced,No,Non-Travel,2706,3,2,4,3,3,No,0.0775,7.8,Stable,Low (<30%)
949,36,Male,Research & Development,Research Scientist,1,Single,No,Travel_Rarely,4678,6,0,4,3,2,No,0.0775,7.8,Stable,Low (<30%)
1315,28,Female,Research & Development,Laboratory Technician,2,Married,No,Non-Travel,6674,9,7,4,3,3,No,0.0774,7.7,Stable,Low (<30%)
1627,39,Male,Research & Development,Laboratory Technician,2,Divorced,No,Travel_Rarely,3069,10,0,3,3,3,No,0.0773,7.7,Stable,Low (<30%)
1696,34,Male,Research & Development,Laboratory Technician,2,Married,No,Travel_Rarely,3986,15,4,4,4,2,No,0.077,7.7,Stable,Low (<30%)
1727,46,Male,Research & Development,Healthcare Representative,2,Single,No,Travel_Rarely,5562,10,0,2,3,3,No,0.0766,7.7,Stable,Low (<30%)
131,58,Male,Sales,Sales Executive,4,Single,No,Travel_Rarely,13872,37,1,3,2,4,No,0.0765,7.7,Stable,Low (<30%)
260,27,Female,Research & Development,Research Scientist,1,Single,No,Travel_Rarely,2279,7,0,2,2,4,No,0.0764,7.6,Stable,Low (<30%)
905,50,Male,Research & Development,Manager,4,Divorced,No,Non-Travel,17924,31,14,1,3,1,No,0.0759,7.6,Stable,Low (<30%)
1259,27,Male,Research & Development,Research Scientist,1,Divorced,No,Travel_Rarely,2517,5,0,3,3,1,No,0.0758,7.6,Stable,Low (<30%)
850,27,Male,Research & Development,Research Scientist,1,Married,No,Non-Travel,1706,0,0,4,2,4,No,0.0741,7.4,Stable,Low (<30%)
1133,36,Male,Research & Development,Manufacturing Director,2,Single,No,Non-Travel,7779,11,0,4,3,1,No,0.0739,7.4,Stable,Low (<30%)
1005,50,Male,Research & Development,Manufacturing Director,4,Married,Yes,Travel_Rarely,13973,12,1,3,3,4,No,0.0734,7.3,Stable,Low (<30%)
76,31,Male,Research & Development,Laboratory Technician,2,Divorced,No,Travel_Rarely,5915,7,1,4,2,4,No,0.073,7.3,Stable,Low (<30%)
421,38,Female,Research & Development,Research Director,3,Married,No,Travel_Rarely,12061,10,0,2,3,1,No,0.073,7.3,Stable,Low (<30%)
1621,35,Male,Research & Development,Research Scientist,2,Married,No,Travel_Rarely,5208,16,1,1,3,2,No,0.0727,7.3,Stable,Low (<30%)
826,35,Female,Research & Development,Research Scientist,1,Single,No,Travel_Rarely,2506,2,2,3,3,4,No,0.0723,7.2,Stable,Low (<30%)
1763,30,Male,Research & Development,Healthcare Representative,2,Married,No,Travel_Rarely,5294,7,1,3,3,3,No,0.0721,7.2,Stable,Low (<30%)
1778,43,Male,Human Resources,Human Resources,1,Single,No,Travel_Rarely,3539,9,1,4,3,2,No,0.072,7.2,Stable,Low (<30%)
422,58,Male,Research & Development,Healthcare Representative,2,Divorced,Yes,Non-Travel,5660,5,1,3,3,4,No,0.0717,7.2,Stable,Low (<30%)
987,47,Male,Research & Development,Manufacturing Director,2,Divorced,Yes,Travel_Frequently,5067,19,2,3,4,3,No,0.0712,7.1,Stable,Low (<30%)
226,50,Female,Research & Development,Manager,5,Single,No,Travel_Rarely,19926,5,4,2,3,3,No,0.0712,7.1,Stable,Low (<30%)
1355,38,Female,Sales,Sales Executive,2,Divorced,No,Travel_Rarely,6893,7,1,1,3,2,No,0.0706,7.1,Stable,Low (<30%)
786,34,Male,Sales,Sales Executive,2,Single,No,Travel_Rarely,6274,6,1,4,3,4,No,0.07,7.0,Stable,Low (<30%)
2037,41,Male,Sales,Sales Executive,2,Divorced,No,Travel_Rarely,8938,5,0,2,3,3,No,0.07,7.0,Stable,Low (<30%)
1061,50,Male,Research & Development,Research Director,5,Married,Yes,Travel_Rarely,19237,8,7,3,2,2,No,0.0698,7.0,Stable,Low (<30%)
2025,36,Female,Research & Development,Manufacturing Director,2,Divorced,No,Travel_Frequently,5131,4,0,2,3,4,No,0.0696,7.0,Stable,Low (<30%)
456,30,Female,Sales,Sales Executive,2,Divorced,No,Travel_Rarely,6118,10,1,3,3,4,No,0.0695,6.9,Stable,Low (<30%)
1546,45,Male,Research & Development,Research Scientist,1,Married,No,Travel_Rarely,2132,5,0,4,3,4,No,0.0691,6.9,Stable,Low (<30%)
661,43,Male,Research & Development,Research Director,4,Divorced,Yes,Travel_Rarely,16627,1,0,4,2,2,No,0.069,6.9,Stable,Low (<30%)
1693,26,Male,Research & Development,Laboratory Technician,1,Single,No,Non-Travel,2570,7,5,4,3,4,No,0.069,6.9,Stable,Low (<30%)
2008,35,Male,Research & Development,Research Scientist,2,Single,No,Travel_Rarely,5098,10,0,3,3,2,No,0.0686,6.9,Stable,Low (<30%)
797,34,Female,Research & Development,Research Scientist,1,Single,No,Travel_Rarely,3280,4,1,4,3,2,No,0.0686,6.9,Stable,Low (<30%)
117,30,Male,Research & Development,Healthcare Representative,2,Married,No,Travel_Rarely,4152,11,10,4,3,3,No,0.0679,6.8,Stable,Low (<30%)
307,38,Male,Sales,Sales Executive,3,Divorced,No,Travel_Rarely,10609,16,5,3,2,1,No,0.0676,6.8,Stable,Low (<30%)
1295,44,Female,Research & Development,Healthcare Representative,3,Married,No,Travel_Rarely,7978,10,0,4,3,1,Yes,0.0674,6.7,Stable,Low (<30%)
984,35,Male,Sales,Sales Executive,3,Divorced,No,Travel_Rarely,7823,10,0,4,3,4,No,0.0674,6.7,Stable,Low (<30%)
1120,29,Female,Research & Development,Research Scientist,1,Divorced,No,Travel_Rarely,2514,7,1,4,3,3,No,0.0673,6.7,Stable,Low (<30%)
851,51,Female,Sales,Manager,4,Married,No,Travel_Rarely,16307,20,4,3,2,1,No,0.0673,6.7,Stable,Low (<30%)
309,59,Male,Research & Development,Research Scientist,1,Married,No,Travel_Rarely,2177,1,0,4,3,3,No,0.0657,6.6,Stable,Low (<30%)
843,43,Male,Research & Development,Research Director,4,Married,No,Travel_Rarely,17159,4,1,1,3,2,No,0.0655,6.5,Stable,Low (<30%)
599,41,Male,Sales,Sales Executive,2,Single,No,Non-Travel,6230,14,1,4,3,4,No,0.0652,6.5,Stable,Low (<30%)
689,37,Male,Research & Development,Manufacturing Director,3,Married,No,Travel_Rarely,9434,10,7,3,3,3,No,0.0645,6.4,Stable,Low (<30%)
477,42,Male,Research & Development,Healthcare Representative,2,Single,No,Travel_Rarely,6781,1,0,4,3,1,No,0.0642,6.4,Stable,Low (<30%)
947,31,Female,Sales,Sales Executive,2,Married,No,Non-Travel,6932,9,0,3,2,4,No,0.0639,6.4,Stable,Low (<30%)
83,36,Female,Research & Development,Healthcare Representative,3,Divorced,No,Travel_Rarely,10096,17,12,3,3,3,No,0.0639,6.4,Stable,Low (<30%)
1578,55,Male,Sales,Manager,5,Married,No,Travel_Rarely,19586,36,2,4,3,3,No,0.0637,6.4,Stable,Low (<30%)
1911,42,Male,Research & Development,Research Director,3,Married,No,Travel_Rarely,13348,13,5,1,4,3,No,0.063,6.3,Stable,Low (<30%)
86,45,Male,Research & Development,Research Scientist,3,Divorced,No,Travel_Rarely,9724,1,0,1,3,2,No,0.0622,6.2,Stable,Low (<30%)
288,46,Male,Research & Development,Healthcare Representative,3,Divorced,No,Travel_Rarely,9396,4,0,1,3,4,No,0.062,6.2,Stable,Low (<30%)
867,52,Female,Research & Development,Manufacturing Director,4,Married,No,Travel_Frequently,13826,9,0,4,3,3,No,0.0613,6.1,Stable,Low (<30%)
1256,49,Male,Research & Development,Manager,5,Married,No,Travel_Rarely,18711,1,0,3,4,1,No,0.0609,6.1,Stable,Low (<30%)
292,30,Male,Research & Development,Manufacturing Director,3,Single,No,Non-Travel,8474,11,5,3,3,3,No,0.0607,6.1,Stable,Low (<30%)
1552,40,Male,Research & Development,Healthcare Representative,2,Divorced,Yes,Non-Travel,4069,2,2,4,3,4,No,0.0599,6.0,Stable,Low (<30%)
1013,54,Female,Research & Development,Manufacturing Director,3,Married,No,Travel_Rarely,10739,10,0,3,3,3,No,0.0598,6.0,Stable,Low (<30%)
1280,46,Female,Sales,Manager,5,Married,No,Travel_Rarely,18789,11,0,2,3,4,No,0.0585,5.9,Stable,Low (<30%)
522,54,Male,Research & Development,Research Director,5,Married,No,Travel_Rarely,19406,4,1,1,2,1,No,0.0585,5.8,Stable,Low (<30%)
1869,46,Female,Sales,Sales Executive,3,Married,No,Travel_Rarely,7314,8,0,2,3,3,Yes,0.0582,5.8,Stable,Low (<30%)
1789,46,Male,Research & Development,Research Director,5,Divorced,Yes,Travel_Rarely,19328,2,2,4,3,3,No,0.0576,5.8,Stable,Low (<30%)
1192,29,Female,Research & Development,Laboratory Technician,1,Married,No,Travel_Rarely,3131,10,0,4,3,2,No,0.0567,5.7,Stable,Low (<30%)
96,32,Male,Research & Development,Research Scientist,2,Married,No,Travel_Rarely,6220,10,0,2,3,2,No,0.0567,5.7,Stable,Low (<30%)
692,33,Male,Research & Development,Healthcare Representative,2,Divorced,No,Travel_Frequently,7725,13,4,4,1,3,No,0.0563,5.6,Stable,Low (<30%)
1707,24,Male,Research & Development,Research Scientist,1,Married,No,Travel_Rarely,4401,5,0,3,3,3,No,0.056,5.6,Stable,Low (<30%)
653,31,Male,Sales,Sales Executive,2,Divorced,No,Travel_Rarely,5460,7,5,4,4,1,No,0.0558,5.6,Stable,Low (<30%)
1283,59,Male,Research & Development,Manufacturing Director,3,Single,No,Travel_Rarely,10512,9,5,4,2,4,No,0.0554,5.5,Stable,Low (<30%)
1625,47,Female,Human Resources,Manager,5,Married,No,Travel_Rarely,19658,5,1,3,3,4,No,0.0548,5.5,Stable,Low (<30%)
116,51,Male,Research & Development,Laboratory Technician,1,Married,No,Travel_Rarely,2075,4,0,4,3,4,No,0.0546,5.5,Stable,Low (<30%)
1238,33,Male,Research & Development,Research Scientist,1,Married,No,Travel_Rarely,2781,14,4,4,3,1,No,0.0546,5.5,Stable,Low (<30%)
1644,48,Male,Research & Development,Manager,4,Married,No,Travel_Frequently,15202,2,2,4,3,3,No,0.0536,5.4,Stable,Low (<30%)
1441,56,Female,Research & Development,Research Scientist,1,Married,No,Travel_Rarely,2066,3,1,1,4,1,No,0.0535,5.3,Stable,Low (<30%)
1595,42,Male,Research & Development,Manager,5,Single,No,Travel_Rarely,19613,1,0,4,3,4,No,0.0535,5.4,Stable,Low (<30%)
882,32,Male,Research & Development,Laboratory Technician,1,Divorced,No,Non-Travel,2314,3,0,4,3,4,No,0.0534,5.3,Stable,Low (<30%)
1026,39,Female,Research & Development,Manufacturing Director,4,Married,No,Travel_Rarely,12742,21,11,4,3,4,No,0.0534,5.3,Stable,Low (<30%)
1128,40,Male,Research & Development,Research Director,5,Single,No,Travel_Rarely,19626,20,4,3,4,3,No,0.0524,5.2,Stable,Low (<30%)
461,38,Male,Research & Development,Research Director,3,Divorced,Yes,Travel_Rarely,11510,11,2,4,3,3,No,0.0521,5.2,Stable,Low (<30%)
1088,38,Female,Research & Development,Healthcare Representative,3,Married,No,Travel_Rarely,8823,19,1,3,2,3,No,0.0515,5.1,Stable,Low (<30%)
138,34,Female,Research & Development,Research Scientist,2,Single,No,Travel_Rarely,4809,16,2,3,3,1,No,0.0512,5.1,Stable,Low (<30%)
1888,45,Female,Research & Development,Manufacturing Director,2,Married,No,Travel_Rarely,5906,9,3,4,2,2,No,0.0511,5.1,Stable,Low (<30%)
1249,29,Female,Research & Development,Research Scientist,1,Divorced,No,Travel_Rarely,3760,3,1,4,3,1,No,0.0511,5.1,Stable,Low (<30%)
1664,36,Male,Research & Development,Healthcare Representative,2,Divorced,No,Travel_Rarely,6842,5,0,1,3,4,No,0.0506,5.1,Stable,Low (<30%)
256,34,Male,Research & Development,Manufacturing Director,2,Married,No,Travel_Frequently,9547,10,1,3,2,4,No,0.0505,5.0,Stable,Low (<30%)
575,46,Male,Research & Development,Research Director,4,Married,No,Travel_Rarely,17861,3,0,3,1,1,No,0.0503,5.0,Stable,Low (<30%)
671,44,Male,Research & Development,Manager,5,Married,Yes,Travel_Rarely,19513,2,0,4,4,4,No,0.0497,5.0,Stable,Low (<30%)
182,39,Female,Sales,Sales Executive,2,Married,No,Travel_Rarely,5902,15,5,3,4,4,No,0.0496,5.0,Stable,Low (<30%)
23,53,Female,Sales,Manager,4,Married,No,Travel_Rarely,15427,25,3,4,3,1,No,0.0491,4.9,Stable,Low (<30%)
460,37,Male,Research & Development,Manufacturing Director,2,Divorced,No,Travel_Rarely,6347,6,0,4,2,4,No,0.0481,4.8,Stable,Low (<30%)
306,37,Male,Research & Development,Research Director,3,Divorced,Yes,Travel_Frequently,12185,10,0,4,3,2,No,0.0476,4.8,Stable,Low (<30%)
28,34,Female,Research & Development,Research Director,3,Single,No,Travel_Rarely,11994,12,2,2,3,1,No,0.0472,4.7,Stable,Low (<30%)
710,29,Male,Research & Development,Research Scientist,1,Divorced,No,Travel_Frequently,2720,10,2,4,3,2,No,0.0468,4.7,Stable,Low (<30%)
1228,46,Male,Research & Development,Manufacturing Director,2,Divorced,No,Travel_Rarely,7379,6,1,4,2,4,No,0.0466,4.7,Stable,Low (<30%)
1712,45,Male,Research & Development,Healthcare Representative,3,Married,No,Non-Travel,10748,23,14,3,2,3,No,0.0463,4.6,Stable,Low (<30%)
408,51,Male,Research & Development,Manufacturing Director,2,Divorced,No,Travel_Rarely,5482,4,1,2,3,4,No,0.0461,4.6,Stable,Low (<30%)
683,34,Male,Research & Development,Research Scientist,1,Married,No,Travel_Rarely,2691,10,8,4,2,2,No,0.0459,4.6,Stable,Low (<30%)
2017,37,Female,Research & Development,Research Director,3,Married,Yes,Travel_Rarely,13744,16,6,4,3,3,No,0.0455,4.5,Stable,Low (<30%)
845,35,Male,Research & Development,Manufacturing Director,3,Single,No,Travel_Rarely,10221,8,1,3,4,3,No,0.0445,4.5,Stable,Low (<30%)
2016,32,Female,Sales,Sales Executive,3,Married,No,Travel_Rarely,10422,14,5,4,3,3,No,0.0441,4.4,Stable,Low (<30%)
1824,58,Male,Sales,Manager,4,Divorced,No,Non-Travel,16291,16,14,2,2,2,No,0.0439,4.4,Stable,Low (<30%)
1245,54,Female,Research & Development,Manufacturing Director,3,Divorced,No,Travel_Frequently,10502,5,1,3,1,4,No,0.0435,4.4,Stable,Low (<30%)
1047,34,Male,Sales,Sales Executive,2,Divorced,No,Travel_Rarely,9725,15,0,4,2,2,No,0.042,4.2,Stable,Low (<30%)
1375,40,Female,Research & Development,Healthcare Representative,2,Divorced,No,Travel_Rarely,6377,12,11,3,3,2,No,0.0417,4.2,Stable,Low (<30%)
1770,55,Male,Research & Development,Research Director,5,Married,No,Travel_Rarely,19038,1,0,1,3,3,No,0.0415,4.1,Stable,Low (<30%)
275,49,Male,Research & Development,Manufacturing Director,2,Divorced,Yes,Non-Travel,6804,7,1,4,3,4,No,0.0415,4.1,Stable,Low (<30%)
1071,56,Female,Research & Development,Research Scientist,1,Married,No,Travel_Frequently,2942,5,0,3,3,1,No,0.0414,4.1,Stable,Low (<30%)
1999,41,Male,Research & Development,Research Scientist,1,Married,No,Travel_Rarely,2782,5,1,4,3,4,No,0.0413,4.1,Stable,Low (<30%)
1934,47,Male,Research & Development,Research Scientist,2,Married,No,Non-Travel,5467,8,1,2,4,3,No,0.0411,4.1,Stable,Low (<30%)
40,44,Male,Research & Development,Healthcare Representative,2,Married,Yes,Travel_Rarely,6465,4,1,4,4,4,No,0.041,4.1,Stable,Low (<30%)
1007,46,Male,Research & Development,Manufacturing Director,3,Divorced,No,Travel_Rarely,10845,8,0,3,3,4,No,0.041,4.1,Stable,Low (<30%)
1085,41,Female,Research & Development,Research Scientist,1,Married,No,Travel_Rarely,3376,10,0,3,3,2,No,0.041,4.1,Stable,Low (<30%)
373,36,Male,Research & Development,Laboratory Technician,1,Married,No,Travel_Rarely,3210,15,10,4,3,4,No,0.0406,4.1,Stable,Low (<30%)
505,55,Female,Research & Development,Manager,4,Single,Yes,Travel_Rarely,16659,5,1,4,3,3,No,0.0404,4.0,Stable,Low (<30%)
1097,28,Female,Research & Development,Research Scientist,2,Single,No,Travel_Rarely,3660,8,1,3,4,3,No,0.0404,4.0,Stable,Low (<30%)
1191,56,Female,Research & Development,Manager,5,Divorced,No,Travel_Rarely,19943,5,4,1,3,4,No,0.0403,4.0,Stable,Low (<30%)
2022,39,Male,Research & Development,Manager,5,Single,No,Non-Travel,19431,6,1,4,2,4,No,0.0398,4.0,Stable,Low (<30%)
253,40,Female,Research & Development,Manager,5,Married,No,Travel_Rarely,19033,20,9,3,3,4,No,0.0396,4.0,Stable,Low (<30%)
1336,55,Female,Research & Development,Manager,5,Married,No,Travel_Rarely,19187,19,9,3,3,4,No,0.0393,3.9,Stable,Low (<30%)
464,35,Male,Research & Development,Manufacturing Director,3,Single,No,Travel_Rarely,8095,16,0,2,3,3,No,0.0392,3.9,Stable,Low (<30%)
1805,38,Male,Human Resources,Human Resources,1,Divorced,No,Non-Travel,2592,11,3,2,3,1,No,0.0392,3.9,Stable,Low (<30%)
579,34,Male,Research & Development,Research Scientist,1,Divorced,No,Travel_Rarely,2768,7,5,3,3,4,No,0.0391,3.9,Stable,Low (<30%)
195,32,Male,Sales,Sales Executive,2,Divorced,No,Travel_Frequently,4668,8,0,4,4,4,No,0.0388,3.9,Stable,Low (<30%)
830,32,Female,Research & Development,Manufacturing Director,2,Married,No,Travel_Rarely,6162,14,6,3,3,3,No,0.0383,3.8,Stable,Low (<30%)
308,31,Male,Research & Development,Manufacturing Director,2,Married,No,Non-Travel,4345,5,1,3,3,3,No,0.0381,3.8,Stable,Low (<30%)
319,42,Male,Research & Development,Manager,5,Married,No,Travel_Rarely,19232,22,11,4,3,3,No,0.0381,3.8,Stable,Low (<30%)
500,51,Female,Sales,Sales Executive,2,Married,No,Travel_Rarely,4936,7,0,4,2,3,No,0.038,3.8,Stable,Low (<30%)
1867,48,Male,Research & Development,Research Director,5,Married,No,Travel_Rarely,19665,22,12,2,3,4,No,0.038,3.8,Stable,Low (<30%)
77,37,Male,Research & Development,Manufacturing Director,2,Divorced,No,Travel_Rarely,5993,7,0,3,4,1,No,0.0377,3.8,Stable,Low (<30%)
1863,46,Female,Sales,Sales Executive,4,Divorced,No,Travel_Rarely,13225,19,2,1,3,1,No,0.0372,3.7,Stable,Low (<30%)
1900,48,Female,Research & Development,Manager,4,Divorced,No,Travel_Frequently,17174,22,4,4,3,4,No,0.0371,3.7,Stable,Low (<30%)
1698,33,Male,Research & Development,Laboratory Technician,1,Married,No,Travel_Rarely,2028,14,2,2,3,2,No,0.0368,3.7,Stable,Low (<30%)
564,29,Male,Research & Development,Research Director,3,Married,No,Travel_Rarely,11935,10,0,3,3,2,No,0.0367,3.7,Stable,Low (<30%)
1670,33,Male,Sales,Sales Executive,2,Divorced,No,Travel_Rarely,5505,6,0,4,3,4,No,0.0367,3.7,Stable,Low (<30%)
990,36,Male,Sales,Sales Executive,2,Divorced,No,Non-Travel,5079,7,0,4,3,1,No,0.0366,3.7,Stable,Low (<30%)
1658,34,Female,Research & Development,Research Scientist,2,Divorced,No,Travel_Rarely,5433,11,7,2,3,4,No,0.0366,3.7,Stable,Low (<30%)
361,38,Male,Sales,Sales Executive,2,Married,No,Non-Travel,5249,8,7,4,3,4,No,0.0365,3.7,Stable,Low (<30%)
395,28,Female,Research & Development,Research Scientist,1,Single,No,Travel_Rarely,3310,5,0,4,3,4,No,0.0364,3.6,Stable,Low (<30%)
1018,26,Male,Research & Development,Manufacturing Director,2,Married,No,Travel_Rarely,5472,8,1,4,3,4,No,0.0364,3.6,Stable,Low (<30%)
1830,54,Female,Research & Development,Research Scientist,2,Married,No,Travel_Rarely,6854,7,1,4,2,4,No,0.0363,3.6,Stable,Low (<30%)
259,52,Male,Research & Development,Manager,5,Married,No,Travel_Rarely,19999,33,11,3,3,3,No,0.0359,3.6,Stable,Low (<30%)
1995,38,Male,Sales,Sales Executive,2,Married,No,Travel_Rarely,4440,15,5,2,3,4,No,0.0355,3.5,Stable,Low (<30%)
1661,49,Female,Research & Development,Healthcare Representative,4,Married,Yes,Travel_Rarely,13966,15,2,3,3,3,No,0.0349,3.5,Stable,Low (<30%)
84,55,Female,Research & Development,Manager,4,Divorced,Yes,Travel_Rarely,14756,5,0,3,3,4,No,0.0348,3.5,Stable,Low (<30%)
551,42,Female,Research & Development,Healthcare Representative,2,Married,No,Travel_Frequently,4523,6,0,4,4,4,No,0.0347,3.5,Stable,Low (<30%)
1334,42,Male,Research & Development,Manager,4,Married,Yes,Non-Travel,17861,20,2,3,2,3,No,0.0345,3.4,Stable,Low (<30%)
1408,42,Female,Human Resources,Manager,4,Married,No,Travel_Rarely,16799,20,0,1,3,3,No,0.0332,3.3,Stable,Low (<30%)
1771,33,Male,Research & Development,Research Scientist,2,Divorced,No,Non-Travel,3055,9,1,2,2,4,No,0.0325,3.2,Stable,Low (<30%)
1288,44,Male,Research & Development,Manager,5,Divorced,No,Travel_Rarely,19190,25,14,1,2,3,No,0.0324,3.2,Stable,Low (<30%)
807,40,Female,Research & Development,Healthcare Representative,2,Married,No,Travel_Frequently,4244,8,3,2,3,3,No,0.0316,3.2,Stable,Low (<30%)
1774,34,Male,Sales,Sales Executive,2,Divorced,Yes,Non-Travel,4001,15,0,3,3,4,No,0.0315,3.1,Stable,Low (<30%)
1821,46,Female,Research & Development,Healthcare Representative,2,Married,No,Travel_Rarely,8926,9,3,2,4,4,Yes,0.0315,3.1,Stable,Low (<30%)
258,51,Female,Research & Development,Healthcare Representative,4,Single,No,Travel_Rarely,13734,7,1,2,3,4,No,0.0308,3.1,Stable,Low (<30%)
369,25,Male,Research & Development,Healthcare Representative,2,Divorced,No,Non-Travel,4000,6,1,1,3,2,No,0.0308,3.1,Stable,Low (<30%)
250,53,Female,Research & Development,Manufacturing Director,2,Divorced,No,Travel_Rarely,4450,4,1,1,3,4,No,0.0304,3.0,Stable,Low (<30%)
1096,55,Male,Research & Development,Manufacturing Director,3,Married,No,Travel_Frequently,10976,3,1,2,3,4,No,0.0301,3.0,Stable,Low (<30%)
659,42,Female,Research & Development,Healthcare Representative,2,Married,No,Travel_Rarely,4089,10,2,4,3,3,No,0.03,3.0,Stable,Low (<30%)
36,44,Female,Research & Development,Healthcare Representative,3,Married,No,Travel_Rarely,10248,22,5,4,3,1,No,0.0299,3.0,Stable,Low (<30%)
1397,39,Male,Research & Development,Healthcare Representative,3,Married,No,Non-Travel,10920,6,0,3,3,3,No,0.0299,3.0,Stable,Low (<30%)
1382,38,Male,Research & Development,Research Scientist,1,Divorced,No,Travel_Frequently,2610,4,0,3,3,4,No,0.0292,2.9,Stable,Low (<30%)
1671,32,Male,Research & Development,Research Scientist,2,Divorced,No,Travel_Rarely,5470,9,1,2,2,4,No,0.0292,2.9,Stable,Low (<30%)
1474,40,Male,Research & Development,Research Scientist,1,Divorced,No,Travel_Rarely,2345,3,1,3,4,3,No,0.0291,2.9,Stable,Low (<30%)
303,54,Female,Sales,Sales Executive,2,Married,No,Travel_Rarely,5940,6,0,1,3,4,No,0.029,2.9,Stable,Low (<30%)
520,43,Male,Research & Development,Research Director,4,Divorced,No,Travel_Rarely,14336,25,3,2,3,1,No,0.0286,2.9,Stable,Low (<30%)
1383,34,Female,Research & Development,Healthcare Representative,2,Single,No,Travel_Rarely,6687,14,4,4,4,3,No,0.0286,2.9,Stable,Low (<30%)
1697,60,Male,Research & Development,Healthcare Representative,3,Divorced,No,Travel_Rarely,10883,1,0,4,4,3,No,0.0286,2.9,Stable,Low (<30%)
98,31,Female,Research & Development,Manufacturing Director,2,Single,No,Travel_Rarely,4424,11,1,4,3,3,No,0.0285,2.8,Stable,Low (<30%)
1845,45,Female,Sales,Sales Executive,2,Married,No,Non-Travel,5154,8,5,3,4,3,No,0.0283,2.8,Stable,Low (<30%)
1676,47,Female,Sales,Manager,4,Divorced,No,Travel_Rarely,15972,3,1,2,3,2,No,0.0274,2.7,Stable,Low (<30%)
1363,48,Male,Research & Development,Manufacturing Director,3,Single,No,Travel_Rarely,7898,10,0,4,3,4,No,0.0273,2.7,Stable,Low (<30%)
823,36,Female,Research & Development,Manufacturing Director,2,Married,No,Travel_Rarely,5228,9,0,2,3,3,No,0.0266,2.7,Stable,Low (<30%)
296,51,Male,Research & Development,Research Director,3,Married,No,Travel_Rarely,12490,10,4,2,1,2,No,0.026,2.6,Stable,Low (<30%)
1483,57,Male,Research & Development,Research Scientist,2,Married,No,Travel_Rarely,4900,12,2,3,2,2,No,0.0256,2.6,Stable,Low (<30%)
482,57,Male,Research & Development,Healthcare Representative,2,Married,No,Travel_Rarely,6755,3,1,3,3,4,No,0.0252,2.5,Stable,Low (<30%)
487,46,Female,Research & Development,Manufacturing Director,2,Married,No,Non-Travel,5258,1,0,3,4,3,No,0.025,2.5,Stable,Low (<30%)
1344,34,Male,Research & Development,Healthcare Representative,3,Divorced,No,Travel_Rarely,8500,9,1,4,2,4,No,0.0245,2.5,Stable,Low (<30%)
996,45,Female,Research & Development,Laboratory Technician,1,Divorced,No,Travel_Rarely,2270,5,0,4,3,4,No,0.0243,2.4,Stable,Low (<30%)
1217,46,Male,Research & Development,Research Director,5,Married,No,Travel_Rarely,19081,4,0,2,3,4,No,0.0241,2.4,Stable,Low (<30%)
391,37,Female,Research & Development,Research Scientist,1,Single,No,Travel_Rarely,2115,17,5,4,3,4,No,0.0238,2.4,Stable,Low (<30%)
438,31,Male,Sales,Sales Executive,2,Divorced,No,Travel_Rarely,7547,7,1,4,3,4,No,0.0236,2.4,Stable,Low (<30%)
2015,38,Female,Research & Development,Research Director,3,Married,No,Travel_Rarely,13206,18,1,3,3,2,No,0.0234,2.3,Stable,Low (<30%)
724,38,Female,Research & Development,Healthcare Representative,2,Single,No,Travel_Rarely,7625,9,1,4,2,2,No,0.0233,2.3,Stable,Low (<30%)
606,45,Male,Sales,Sales Executive,2,Married,No,Travel_Rarely,4805,8,3,2,4,4,No,0.0233,2.3,Stable,Low (<30%)
380,37,Female,Research & Development,Research Director,3,Divorced,Yes,Non-Travel,13603,5,0,4,3,1,No,0.0231,2.3,Stable,Low (<30%)
1728,35,Male,Research & Development,Manufacturing Director,2,Married,No,Travel_Rarely,6883,7,0,3,3,4,No,0.0231,2.3,Stable,Low (<30%)
94,29,Male,Research & Development,Research Scientist,1,Married,No,Travel_Rarely,2703,5,0,2,3,3,No,0.023,2.3,Stable,Low (<30%)
377,28,Male,Research & Development,Research Scientist,1,Married,No,Travel_Rarely,2070,5,0,4,2,4,No,0.023,2.3,Stable,Low (<30%)
1955,32,Female,Research & Development,Healthcare Representative,2,Divorced,No,Non-Travel,6667,5,1,4,3,3,No,0.0227,2.3,Stable,Low (<30%)
727,32,Female,Research & Development,Research Director,3,Single,No,Travel_Rarely,11159,7,7,4,3,3,No,0.0224,2.2,Stable,Low (<30%)
1857,46,Male,Research & Development,Manufacturing Director,3,Divorced,No,Travel_Rarely,8578,9,4,4,2,4,No,0.0224,2.2,Stable,Low (<30%)
1115,34,Male,Research & Development,Research Scientist,1,Married,No,Non-Travel,2979,0,0,4,3,3,No,0.0223,2.2,Stable,Low (<30%)
1662,36,Female,Research & Development,Manufacturing Director,2,Married,No,Non-Travel,4374,3,1,3,3,4,No,0.0222,2.2,Stable,Low (<30%)
140,59,Female,Human Resources,Manager,5,Married,No,Non-Travel,18844,3,2,4,3,3,No,0.0222,2.2,Stable,Low (<30%)
1449,40,Male,Research & Development,Laboratory Technician,2,Divorced,No,Non-Travel,3975,8,0,3,4,3,No,0.0214,2.1,Stable,Low (<30%)
1117,45,Female,Sales,Sales Executive,2,Married,No,Non-Travel,5593,15,4,3,3,2,No,0.0214,2.1,Stable,Low (<30%)
1263,48,Male,Research & Development,Research Director,5,Single,No,Travel_Rarely,18265,1,0,4,4,4,No,0.021,2.1,Stable,Low (<30%)
252,33,Female,Research & Development,Research Scientist,1,Married,No,Travel_Rarely,2756,8,1,2,3,4,No,0.0203,2.0,Stable,Low (<30%)
612,33,Female,Research & Development,Research Director,4,Divorced,No,Travel_Rarely,16184,6,0,3,3,1,No,0.0202,2.0,Stable,Low (<30%)
1246,44,Female,Research & Development,Research Scientist,1,Married,No,Travel_Rarely,2011,10,7,4,3,1,No,0.0201,2.0,Stable,Low (<30%)
824,29,Male,Research & Development,Research Scientist,1,Married,No,Travel_Rarely,2700,10,0,3,3,3,No,0.0199,2.0,Stable,Low (<30%)
791,52,Male,Research & Development,Research Scientist,1,Married,No,Non-Travel,4258,4,1,4,3,4,No,0.0199,2.0,Stable,Low (<30%)
574,47,Female,Research & Development,Manufacturing Director,2,Divorced,No,Travel_Rarely,5070,5,0,4,3,1,No,0.0198,2.0,Stable,Low (<30%)
1655,49,Female,Research & Development,Research Director,4,Married,No,Travel_Rarely,16413,4,1,2,3,1,No,0.0195,1.9,Stable,Low (<30%)
1472,53,Male,Research & Development,Research Director,4,Single,No,Travel_Rarely,16598,9,8,2,2,4,No,0.0189,1.9,Stable,Low (<30%)
1799,28,Male,Research & Development,Research Scientist,1,Married,No,Travel_Rarely,2044,5,0,4,4,3,No,0.0184,1.8,Stable,Low (<30%)
1970,33,Male,Research & Development,Healthcare Representative,2,Divorced,No,Travel_Frequently,5968,9,2,3,3,4,No,0.018,1.8,Stable,Low (<30%)
1196,37,Female,Research & Development,Manufacturing Director,2,Married,No,Travel_Rarely,6474,14,3,4,2,4,No,0.0173,1.7,Stable,Low (<30%)
1607,32,Female,Research & Development,Research Scientist,1,Married,No,Travel_Rarely,3312,3,0,4,3,2,No,0.0171,1.7,Stable,Low (<30%)
270,42,Female,Research & Development,Manufacturing Director,2,Divorced,No,Non-Travel,5265,5,0,3,3,3,No,0.0169,1.7,Stable,Low (<30%)
1666,43,Male,Research & Development,Research Director,4,Married,No,Travel_Rarely,17603,14,6,3,3,3,No,0.0169,1.7,Stable,Low (<30%)
1304,32,Male,Sales,Sales Executive,2,Married,No,Travel_Rarely,6209,10,0,4,4,3,No,0.0169,1.7,Stable,Low (<30%)
1422,54,Female,Research & Development,Research Director,4,Single,No,Travel_Rarely,17328,20,12,4,2,4,No,0.0168,1.7,Stable,Low (<30%)
1121,28,Female,Research & Development,Manufacturing Director,3,Divorced,No,Travel_Rarely,7655,9,1,2,2,4,No,0.0168,1.7,Stable,Low (<30%)
1045,45,Female,Sales,Manager,4,Married,No,Travel_Rarely,17650,9,1,4,4,4,No,0.0166,1.7,Stable,Low (<30%)
447,47,Male,Research & Development,Research Director,5,Married,No,Travel_Rarely,18300,3,1,3,3,4,No,0.0162,1.6,Stable,Low (<30%)
1572,53,Female,Research & Development,Manufacturing Director,3,Married,No,Travel_Rarely,10169,33,1,4,3,3,Yes,0.0161,1.6,Stable,Low (<30%)
441,30,Female,Research & Development,Research Scientist,2,Married,No,Travel_Rarely,5775,10,1,4,3,4,No,0.0157,1.6,Stable,Low (<30%)
208,29,Male,Research & Development,Manufacturing Director,2,Married,No,Non-Travel,4319,10,0,3,3,4,No,0.0157,1.6,Stable,Low (<30%)
771,35,Female,Research & Development,Healthcare Representative,2,Divorced,No,Non-Travel,5093,1,0,1,4,4,No,0.0157,1.6,Stable,Low (<30%)
385,50,Male,Research & Development,Research Director,5,Divorced,No,Travel_Rarely,19144,10,1,2,2,1,No,0.0156,1.6,Stable,Low (<30%)
1941,49,Male,Research & Development,Research Director,5,Married,No,Travel_Frequently,19161,5,4,4,3,2,No,0.0149,1.5,Stable,Low (<30%)
634,38,Female,Research & Development,Healthcare Representative,2,Married,No,Travel_Rarely,9824,1,0,3,3,3,No,0.0149,1.5,Stable,Low (<30%)
386,53,Male,Research & Development,Research Director,4,Married,Yes,Travel_Rarely,17584,5,1,3,2,3,No,0.0145,1.5,Stable,Low (<30%)
817,33,Male,Research & Development,Research Director,3,Married,No,Travel_Rarely,11691,13,3,3,4,3,No,0.0145,1.5,Stable,Low (<30%)
1116,48,Male,Research & Development,Manager,4,Single,No,Non-Travel,16885,5,2,4,2,1,No,0.0142,1.4,Stable,Low (<30%)
1668,38,Male,Research & Development,Research Scientist,2,Married,No,Travel_Frequently,4735,13,2,4,4,4,No,0.0139,1.4,Stable,Low (<30%)
1940,38,Male,Research & Development,Research Scientist,1,Divorced,No,Travel_Rarely,4771,5,0,4,4,2,No,0.0138,1.4,Stable,Low (<30%)
26,24,Female,Research & Development,Manufacturing Director,2,Divorced,No,Non-Travel,4011,4,1,3,2,1,No,0.0138,1.4,Stable,Low (<30%)
1264,29,Female,Research & Development,Research Director,4,Divorced,No,Travel_Rarely,16124,7,1,4,2,4,No,0.0135,1.4,Stable,Low (<30%)
2051,40,Female,Research & Development,Research Scientist,1,Married,No,Travel_Rarely,2001,5,0,3,3,3,No,0.013,1.3,Stable,Low (<30%)
1215,50,Female,Research & Development,Manager,4,Married,No,Travel_Frequently,17856,2,2,1,3,4,No,0.013,1.3,Stable,Low (<30%)
901,53,Female,Research & Development,Research Director,4,Single,No,Travel_Rarely,14275,12,3,4,3,4,No,0.0128,1.3,Stable,Low (<30%)
1520,54,Female,Research & Development,Manager,4,Divorced,No,Travel_Frequently,16032,14,1,4,3,2,No,0.0128,1.3,Stable,Low (<30%)
638,49,Male,Research & Development,Research Director,5,Divorced,Yes,Travel_Rarely,19502,31,0,3,3,4,No,0.0123,1.2,Stable,Low (<30%)
1069,46,Male,Research & Development,Research Director,5,Divorced,No,Travel_Rarely,19627,2,2,4,3,4,No,0.0116,1.2,Stable,Low (<30%)
336,45,Male,Research & Development,Manager,5,Married,No,Travel_Rarely,19202,24,1,4,3,3,No,0.0115,1.1,Stable,Low (<30%)
1608,44,Female,Research & Development,Research Director,5,Divorced,Yes,Travel_Rarely,19049,22,1,4,2,2,No,0.0115,1.2,Stable,Low (<30%)
323,50,Female,Sales,Manager,5,Divorced,No,Travel_Rarely,19517,7,0,4,2,4,No,0.0111,1.1,Stable,Low (<30%)
139,37,Male,Research & Development,Healthcare Representative,2,Divorced,No,Non-Travel,5163,1,0,4,4,3,No,0.0104,1.0,Stable,Low (<30%)
1653,25,Male,Research & Development,Manufacturing Director,2,Divorced,No,Travel_Frequently,5206,7,0,3,3,4,No,0.0102,1.0,Stable,Low (<30%)
254,55,Male,Research & Development,Research Director,5,Single,No,Travel_Rarely,18722,24,2,2,3,3,No,0.0101,1.0,Stable,Low (<30%)
558,40,Female,Sales,Manager,5,Married,No,Travel_Rarely,18041,20,1,3,3,3,No,0.01,1.0,Stable,Low (<30%)
950,38,Female,Research & Development,Research Director,3,Married,No,Travel_Rarely,13582,15,5,1,3,4,No,0.01,1.0,Stable,Low (<30%)
1423,58,Female,Research & Development,Research Director,5,Married,Yes,Travel_Rarely,19701,9,1,1,3,4,No,0.0098,1.0,Stable,Low (<30%)
999,41,Male,Research & Development,Research Director,5,Divorced,No,Travel_Frequently,19419,18,0,3,4,1,No,0.0095,1.0,Stable,Low (<30%)
1979,31,Female,Research & Development,Research Director,3,Married,No,Non-Travel,11031,11,4,3,4,3,No,0.0092,0.9,Stable,Low (<30%)
976,52,Male,Research & Development,Manager,4,Married,No,Travel_Rarely,17099,9,7,4,2,4,No,0.0092,0.9,Stable,Low (<30%)
1822,40,Female,Research & Development,Healthcare Representative,2,Divorced,No,Travel_Rarely,6513,5,0,4,3,3,No,0.0092,0.9,Stable,Low (<30%)
550,46,Female,Research & Development,Manufacturing Director,2,Divorced,No,Travel_Rarely,4810,10,0,3,2,3,No,0.0089,0.9,Stable,Low (<30%)
1665,54,Female,Research & Development,Manager,4,Married,No,Travel_Rarely,17426,10,4,3,3,2,No,0.0087,0.9,Stable,Low (<30%)
581,31,Male,Research & Development,Manufacturing Director,3,Divorced,No,Travel_Rarely,10648,13,0,2,4,3,No,0.0084,0.8,Stable,Low (<30%)
1255,43,Male,Research & Development,Research Director,5,Married,No,Travel_Rarely,19740,8,0,4,3,3,No,0.008,0.8,Stable,Low (<30%)
1484,49,Male,Research & Development,Healthcare Representative,3,Divorced,No,Travel_Rarely,10466,8,0,2,3,3,No,0.0077,0.8,Stable,Low (<30%)
46,43,Female,Research & Development,Research Scientist,1,Divorced,No,Travel_Rarely,2645,5,1,3,2,4,No,0.0069,0.7,Stable,Low (<30%)
1443,47,Female,Research & Development,Research Director,4,Married,No,Travel_Rarely,17169,20,5,3,4,1,No,0.0065,0.7,Stable,Low (<30%)
1630,35,Female,Research & Development,Healthcare Representative,2,Married,No,Non-Travel,4148,14,2,3,3,3,No,0.0061,0.6,Stable,Low (<30%)
417,39,Male,Research & Development,Healthcare Representative,3,Divorced,No,Travel_Rarely,9613,18,3,4,2,3,No,0.0058,0.6,Stable,Low (<30%)
1468,40,Male,Research & Development,Research Director,3,Divorced,No,Non-Travel,13757,9,4,2,3,4,No,0.0056,0.6,Stable,Low (<30%)
32,53,Female,Research & Development,Manager,5,Divorced,No,Travel_Rarely,19094,14,4,3,2,3,No,0.0056,0.6,Stable,Low (<30%)
1040,50,Female,Sales,Sales Executive,2,Married,No,Non-Travel,6347,18,0,3,3,4,No,0.0054,0.5,Stable,Low (<30%)
2026,56,Male,Research & Development,Healthcare Representative,2,Divorced,No,Non-Travel,6306,13,1,3,2,3,No,0.0053,0.5,Stable,Low (<30%)
1035,41,Female,Research & Development,Research Director,5,Divorced,No,Non-Travel,19973,21,5,3,3,2,No,0.0053,0.5,Stable,Low (<30%)
546,52,Female,Research & Development,Manager,4,Married,No,Travel_Rarely,16555,5,1,4,1,4,No,0.0051,0.5,Stable,Low (<30%)
1656,50,Female,Research & Development,Research Director,3,Divorced,No,Travel_Rarely,13269,14,1,1,3,4,No,0.005,0.5,Stable,Low (<30%)
1201,53,Female,Research & Development,Manager,5,Divorced,No,Travel_Rarely,18606,7,4,3,3,4,No,0.0043,0.4,Stable,Low (<30%)
815,50,Male,Research & Development,Research Director,4,Married,No,Travel_Rarely,17639,4,0,3,3,3,No,0.0042,0.4,Stable,Low (<30%)
997,50,Male,Research & Development,Research Director,4,Divorced,No,Travel_Rarely,17399,5,1,4,2,4,No,0.0041,0.4,Stable,Low (<30%)
352,40,Male,Research & Development,Research Director,5,Divorced,No,Travel_Rarely,19436,21,3,3,3,1,No,0.0037,0.4,Stable,Low (<30%)
1804,35,Male,Research & Development,Manufacturing Director,2,Divorced,No,Non-Travel,5762,7,1,4,3,2,No,0.0036,0.4,Stable,Low (<30%)
1635,45,Female,Research & Development,Manufacturing Director,2,Divorced,No,Travel_Rarely,5770,10,3,4,3,4,No,0.0034,0.3,Stable,Low (<30%)
730,53,Male,Research & Development,Research Director,4,Married,No,Travel_Rarely,14814,5,1,3,3,3,No,0.0029,0.3,Stable,Low (<30%)
262,43,Male,Research & Development,Research Scientist,1,Divorced,No,Non-Travel,2089,5,2,4,4,4,No,0.0027,0.3,Stable,Low (<30%)
2000,47,Female,Research & Development,Research Director,3,Married,No,Non-Travel,11957,13,5,2,1,3,No,0.0026,0.3,Stable,Low (<30%)
1250,54,Male,Research & Development,Research Director,4,Married,No,Travel_Rarely,17779,10,0,4,3,4,No,0.001,0.1,Stable,Low (<30%)
1424,55,Male,Research & Development,Research Director,4,Divorced,No,Travel_Rarely,14732,7,0,4,4,2,No,0.0006,0.1,Stable,Low (<30%)
